,Date,Investment,Gain,Avg_duration,DailyInvestment,Gain_amount,Compound_Return
0,2020-09-10,0,0.0,0.0,0,0.0,0.0
1,2020-09-11,0,0.0,0.0,0,0.0,0.0
2,2020-09-14,0,0.0,0.0,0,0.0,0.0
3,2020-09-15,0,0.0,0.0,0,0.0,0.0
4,2020-09-16,0,0.0,0.0,0,0.0,0.0
5,2020-09-17,0,0.0,0.0,0,0.0,0.0
6,2020-09-18,0,0.0,0.0,0,0.0,0.0
7,2020-09-21,100000,-0.11943100000001142,1.0,100000,99880.56899999999,-43.59231500000417
8,2020-09-22,100000,-2.4123340000000026,2.0,0,97587.666,-440.2509550000005
9,2020-09-23,100000,-2.1266140000000013,3.0,0,97873.386,-258.7380366666668
10,2020-09-24,100000,-2.505193000000014,4.0,0,97494.80699999999,-228.59886125000128
11,2020-09-25,100000,0.1305739999999787,5.0,0,100130.57399999998,9.531901999998446
12,2020-09-28,100000,0.4020080000000016,6.0,0,100402.008,24.45548666666676
13,2020-09-29,100000,1.5853649999999906,7.0,0,101585.36499999999,82.66546071428523
14,2020-09-30,100000,4.914002999999997,8.0,0,104914.003,224.20138687499986
15,2020-10-01,100000,4.040176000000006,9.0,0,104040.176,163.85158222222245
16,2020-10-05,100000,0.4996289999999863,10.0,0,100499.62899999999,18.2364584999995
17,2020-10-06,100000,-0.8051589999999997,11.0,0,99194.841,-26.716639545454537
18,2020-10-07,100000,-1.612318000000014,12.0,0,98387.68199999999,-49.041339166667086
19,2020-10-08,100000,-1.6480330000000103,13.0,0,98351.96699999999,-46.27169576923106
20,2020-10-09,100000,-2.0170880000000033,14.0,0,97982.912,-52.58836571428581
21,2020-10-12,100000,-4.6361880000000095,15.0,0,95363.81199999999,-112.81390800000024
22,2020-10-13,200000,-2.6296755000000047,8.5,100000,194740.64899999998,-112.92135970588255
23,2020-10-14,200000,-3.0030565000000062,9.5,0,193993.887,-115.3805918421055
24,2020-10-15,200000,-3.3917990000000064,10.5,0,193216.402,-117.90539380952404
25,2020-10-16,200000,-2.689961000000003,11.5,0,194620.07799999998,-85.37702304347836
26,2020-10-19,200000,-0.2786140000000014,12.5,0,199442.772,-8.135528800000042
27,2020-10-20,200000,1.0886344999999928,13.5,0,202177.26899999997,29.433451296296102
28,2020-10-21,200000,-0.11234050000000573,14.5,0,199775.319,-2.8278815517242823
29,2020-10-22,200000,-0.8041974999999948,15.5,0,198391.605,-18.937554032257943
30,2020-10-23,200000,0.6859184999999925,16.5,0,201371.837,15.173348636363471
31,2020-10-26,200000,-0.0874410000000061,17.5,0,199825.118,-1.8237694285715556
32,2020-10-27,200000,0.49938449999998547,18.5,0,200998.76899999997,9.85272121621593
33,2020-10-28,200000,1.956198999999986,19.5,0,203912.398,36.616032564102305
34,2020-10-29,200000,2.6383524999999937,20.5,0,205276.705,46.97554451219501
35,2020-10-30,200000,2.1537554999999915,21.5,0,204307.511,36.563756162790554
36,2020-11-02,200000,0.9439254999999829,22.5,0,201887.85099999997,15.312569222221944
37,2020-11-03,200000,1.5260955000000034,23.5,0,203052.191,23.703185425531967
38,2020-11-04,200000,4.322156500000005,24.5,0,208644.31300000002,64.39131112244905
39,2020-11-05,200000,5.499046999999991,25.5,0,210998.09399999998,78.71184921568614
40,2020-11-06,200000,7.276615999999987,26.5,0,214553.23199999996,100.22508830188663
41,2020-11-09,200000,9.357565499999989,27.5,0,218715.131,124.20041481818167
42,2020-11-10,200000,9.687993999999991,28.5,0,219375.98799999998,124.0743091228069
43,2020-11-11,200000,11.951550499999989,29.5,0,223903.10099999997,147.87511635593208
44,2020-11-12,200000,14.063038499999996,30.5,0,228126.077,168.29537877049177
45,2020-11-13,200000,14.318947999999995,31.5,0,228637.896,165.91796888888885
46,2020-11-14,200000,13.842559999999999,32.5,0,227685.12,155.46259692307692
47,2020-11-17,200000,16.35210449999999,33.5,0,232704.20899999997,178.16472067164165
48,2020-11-18,200000,16.1048145,34.5,0,232209.62900000002,170.38426934782606
49,2020-11-19,200000,14.781361999999987,35.5,0,229562.724,151.97738394366183
50,2020-11-20,200000,15.150580999999992,36.5,0,230301.16199999998,151.5058099999999
51,2020-11-23,200000,16.955210999999995,37.5,0,233910.422,165.03072039999995
52,2020-11-24,200000,16.580057499999988,38.5,0,233160.115,157.187558116883
53,2020-11-25,200000,14.287337999999995,39.5,0,228574.67599999998,132.02223721518985
54,2020-11-26,200000,14.709438499999997,40.5,0,229418.87699999998,132.56654450617282
55,2020-11-27,200000,14.625913999999987,41.5,0,229251.82799999998,128.63755686746975
56,2020-12-01,200000,17.731319499999984,42.5,0,235462.63899999997,152.28074394117633
57,2020-12-02,200000,19.101018999999987,43.5,0,238202.03799999997,160.27291804597692
58,2020-12-03,200000,18.478198999999986,44.5,0,236956.398,151.56275584269653
59,2020-12-04,200000,17.903023999999988,45.5,0,235806.04799999998,143.61766505494495
60,2020-12-07,200000,20.53025799999999,46.5,0,241060.51599999997,161.15148752688165
61,2020-12-08,200000,23.50930399999999,47.5,0,247018.60799999998,180.6504412631578
62,2020-12-09,200000,22.943655999999997,48.5,0,245887.31199999998,172.66875134020617
63,2020-12-10,200000,22.5075965,49.5,0,245015.193,165.9651055050505
64,2020-12-11,200000,24.28054199999999,50.5,0,248561.08399999997,175.4930263366336
65,2020-12-14,200000,23.532680499999998,51.5,0,247065.36099999998,166.7850171359223
66,2020-12-15,200000,21.903621499999993,52.5,0,243807.243,152.28232090476186
67,2020-12-16,200000,21.751691999999995,53.5,0,243503.384,148.39939401869157
68,2020-12-17,200000,20.22421699999999,54.5,0,240448.43399999998,135.4465909174311
69,2020-12-18,200000,21.243454,55.5,0,242486.908,139.70920198198198
70,2020-12-21,300000,13.839184166666664,38.0,100000,341517.5525,132.92900581140347
71,2020-12-22,300000,13.634218166666663,39.0,0,340902.65449999995,127.60229822649569
72,2020-12-23,300000,15.33117266666666,40.0,0,345993.518,139.89695058333328
73,2020-12-24,300000,15.37603833333332,41.0,0,346128.115,136.88424369918687
74,2020-12-28,300000,15.48528916666666,42.0,0,346455.86749999993,134.5745368055555
75,2020-12-29,300000,15.157613166666659,43.0,0,345472.8395,128.66346060077512
76,2020-12-30,300000,17.408961333333327,44.0,0,352226.88399999996,144.41524742424238
77,2020-12-31,300000,19.481026666666658,45.0,0,358443.07999999996,158.0127718518518
78,2021-01-01,300000,20.37389016666666,46.0,0,361121.6705,161.66238936594198
79,2021-01-04,300000,23.726582999999994,47.0,0,371179.74899999995,184.25963393617016
80,2021-01-05,300000,24.91211833333333,48.0,0,374736.355,189.43589982638886
81,2021-01-06,300000,23.45164066666666,49.0,0,370354.92199999996,174.6907927210884
82,2021-01-07,300000,23.68756366666666,50.0,0,371062.691,172.91921476666658
83,2021-01-08,300000,27.02490866666666,51.0,0,381074.726,193.41356202614375
84,2021-01-11,300000,28.260683333333333,52.0,0,384782.05,198.36825801282052
85,2021-01-12,300000,27.171868833333324,53.0,0,381515.60649999994,187.12702121069177
86,2021-01-13,300000,28.486167833333322,54.0,0,385458.5035,192.54539368827153
87,2021-01-14,300000,28.577116333333333,55.0,0,385731.349,189.64813566666663
88,2021-01-15,300000,25.479719499999998,56.0,0,376439.1585,166.07317174107143
89,2021-01-18,300000,22.927539999999993,57.0,0,368782.62,146.81670350877187
90,2021-01-19,300000,23.85041716666666,58.0,0,371551.2515,150.09314251436777
91,2021-01-20,300000,25.970929999999992,59.0,0,377912.79,160.66761779661013
92,2021-01-21,300000,24.16135349999999,60.0,0,372484.06049999996,146.98156712499994
93,2021-01-22,300000,25.70315499999999,61.0,0,377109.46499999997,153.7975668032786
94,2021-01-25,400000,18.710978249999997,46.75,100000,474843.913,146.08571254010693
95,2021-01-27,500000,14.0513503,38.4,100000,570256.7515,133.56101196614586
96,2021-01-28,600000,11.505057916666663,33.0,100000,669030.3474999999,127.25291332070702
97,2021-01-29,600000,7.893826999999997,34.0,0,647362.9619999999,84.7425545588235
98,2021-02-01,600000,11.244758083333332,35.0,0,667468.5485,117.26676286904762
99,2021-02-02,600000,13.70119941666666,36.0,0,682207.1964999998,138.9149385300925
100,2021-02-03,600000,16.0331575,37.0,0,696198.9450000001,158.1649320945946
101,2021-02-04,600000,18.947038499999998,38.0,0,713682.2309999999,181.99129085526314
102,2021-02-05,700000,15.590193142857144,33.57142857142857,100000,809131.3520000001,169.50188714893622
103,2021-02-08,800000,15.323127999999995,30.375,100000,922585.0239999999,184.1297685596707
104,2021-02-09,800000,13.168216625,31.375,0,905345.733,153.19200217131473
105,2021-02-10,800000,13.699567062499995,32.375,0,909596.5364999999,154.4507174613899
106,2021-02-11,800000,14.299851187499993,33.375,0,914398.8095,156.38788564606736
107,2021-02-12,800000,13.810930437499996,34.375,0,910487.4434999999,146.6469704636363
108,2021-02-15,800000,14.260861499999995,35.375,0,914086.892,147.14387130742045
109,2021-02-16,800000,14.1064783125,36.375,0,912851.8265,141.54954182989692
110,2021-02-17,800000,13.837992874999996,37.375,0,910703.943,135.1402648662207
111,2021-02-18,800000,12.913935374999996,38.375,0,903311.483,122.82961333876219
112,2021-02-19,800000,11.808812124999998,39.375,0,894470.497,109.46581398412695
113,2021-02-22,800000,9.135192687499995,40.375,0,873081.5415,82.5844044814241
114,2021-02-23,800000,10.373363437499997,41.375,0,882986.9075000001,91.51124240936554
115,2021-02-24,800000,10.774533749999996,42.375,0,886196.2699999998,92.80719336283182
116,2021-02-25,800000,10.386317812499994,43.375,0,883090.5425,87.40071473342935
117,2021-02-26,800000,7.831199249999996,44.375,0,862649.5939999999,64.4143712957746
118,2021-03-01,800000,8.0818358125,45.375,0,864654.6865,65.01091066804408
119,2021-03-02,800000,11.479731937499992,46.375,0,891837.8555000002,90.35260716307272
120,2021-03-03,800000,12.608252999999996,47.375,0,900866.024,97.14010226912926
121,2021-03-04,800000,12.478833437499997,48.375,0,899830.6674999999,94.15553911498706
122,2021-03-05,800000,12.727279999999997,49.375,0,901818.2399999999,94.08520911392402
123,2021-03-08,1000000,6.325176699999996,40.5,200000,1063251.767,57.00467890123453
124,2021-03-09,1000000,6.235758049999998,41.5,0,1062357.5805,54.844618993975885
125,2021-03-10,1000000,7.5750020999999945,42.5,0,1075750.021,65.05590038823524
126,2021-03-12,1000000,6.951337849999997,43.5,0,1069513.3784999999,58.32731759195399
127,2021-03-15,1000000,6.821923249999995,44.5,0,1068219.2325,55.955100814606695
128,2021-03-16,1000000,6.785536149999999,45.5,0,1067855.3614999999,54.43342186263735
129,2021-03-17,1000000,5.664749149999996,46.5,0,1056647.4915,44.46523526344083
130,2021-03-18,1000000,4.204920600000003,47.5,0,1042049.2060000001,32.311495136842126
131,2021-03-19,1000000,5.058262049999998,48.5,0,1050582.6205,38.06733295360823
132,2021-03-22,1100000,2.799661727272721,45.09090909090909,100000,1130796.279,22.662584344758013
133,2021-03-23,1100000,2.984448727272726,46.09090909090909,0,1132828.936,23.6342438658777
134,2021-03-24,1100000,1.3636653090909059,47.09090909090909,0,1115000.3184,10.569722424710399
135,2021-03-25,1200000,-0.6933903833333321,44.166666666666664,100000,1191679.3154,-5.7302827905660285
136,2021-03-26,1200000,1.3040367583333292,45.166666666666664,0,1215648.4411000002,10.53815682933576
137,2021-03-30,1200000,2.220843533333329,46.166666666666664,0,1226650.1223999998,17.558293638989134
138,2021-03-31,1200000,2.4334934916666677,47.166666666666664,0,1229201.9219,18.831628080388704
139,2021-04-01,1200000,3.2087940333333305,48.166666666666664,0,1238505.5284000002,24.31577485467126
140,2021-04-05,1200000,1.3988443416666636,49.166666666666664,0,1216786.1320999998,10.384641044915233
141,2021-04-06,1200000,2.5357935416666657,50.166666666666664,0,1230429.5225000002,18.449793542358798
142,2021-04-07,1200000,4.729125616666667,51.166666666666664,0,1256749.5073999998,33.7354563534202
143,2021-04-08,1200000,5.6200278416666665,52.166666666666664,0,1267440.3341000003,39.32223953115016
144,2021-04-09,1200000,5.664705158333331,53.166666666666664,0,1267976.4619,38.88935516222569
145,2021-04-12,1200000,1.9826209166666662,54.166666666666664,0,1223791.4510000001,13.35981479230769
146,2021-04-13,1200000,3.1062984583333297,55.166666666666664,0,1237275.5815,20.552246597432003
147,2021-04-15,1200000,3.8507604500000006,56.166666666666664,0,1246209.1254,25.024229630563806
148,2021-04-16,1200000,5.442754924999993,57.166666666666664,0,1265313.0591,34.75111745116614
149,2021-04-19,1200000,4.063106950000005,58.166666666666664,0,1248757.2834,25.49628716475648
150,2021-04-20,1200000,4.613039374999996,59.166666666666664,0,1255356.4725000001,28.45790487676054
151,2021-04-22,1200000,3.795855841666668,60.166666666666664,0,1245550.2701,23.02749111703602
152,2021-04-23,1200000,3.0238130500000033,61.166666666666664,0,1236285.7566,18.044007028610377
153,2021-04-26,1200000,3.3868201749999955,62.166666666666664,0,1240641.8421,19.88508360120641
154,2021-04-27,1300000,3.8022600769230745,58.38461538461539,100000,1349429.381,23.770387437417636
155,2021-04-28,1300000,4.661750884615382,59.38461538461539,0,1360602.7615,28.652860035621746
156,2021-04-29,1300000,4.131115738461536,60.38461538461539,0,1353704.5045999999,24.97088430445858
157,2021-04-30,1300000,2.7870943153846164,61.38461538461539,0,1336232.2260999999,16.57238411842106
158,2021-05-03,1400000,3.1144990785714275,58.0,100000,1443602.9871,19.599864891009847
159,2021-05-04,1400000,2.588095349999997,59.0,0,1436233.3348999997,16.011098351694898
160,2021-05-05,1400000,3.9974669642857124,60.0,0,1455964.5374999996,24.317924032738084
161,2021-05-06,1400000,4.727325328571426,61.0,0,1466182.5546000001,28.286454834894595
162,2021-05-07,1500000,4.163977106666665,57.93333333333333,100000,1562459.6566,26.234493278481004
163,2021-05-10,1500000,5.1338562933333325,58.93333333333333,0,1577007.8443999996,31.79622534615384
164,2021-05-11,1600000,5.591464431249999,56.25,100000,1689463.4309,36.28239142055555
165,2021-05-12,1600000,6.862804599999996,57.25,0,1709804.8736,43.75412539737989
166,2021-05-14,1600000,6.331655250000002,58.25,0,1701306.484,39.67474963519314
167,2021-05-17,1600000,8.214099968749998,59.25,0,1731425.5994999998,50.60162849947256
168,2021-05-18,1600000,9.500163287499996,60.25,0,1752002.6126000003,57.552856430497904
169,2021-05-19,1600000,9.654683943750003,61.25,0,1754474.9430999998,57.53403493010206
170,2021-05-20,1600000,9.565615649999994,62.25,0,1753049.8504,56.08754557831322
171,2021-05-21,1600000,9.787720849999998,63.25,0,1756603.5336,56.482499766798405
172,2021-05-24,1600000,10.364344962499997,64.25,0,1765829.5193999996,58.87915815272372
173,2021-05-25,1600000,11.271499812499995,65.25,0,1780343.9969999997,63.05130163314173
174,2021-05-26,1600000,11.396127499999995,66.25,0,1782338.0399999998,62.78621188679243
175,2021-05-27,1600000,12.163121818750001,67.25,0,1794609.9491000003,66.01545671143123
176,2021-05-28,1600000,12.395618287499998,68.25,0,1798329.8925999997,66.29158498076922
177,2021-05-31,1600000,13.105980743750003,69.25,0,1809695.6919,69.07845446164261
178,2021-06-01,1600000,12.475832693750004,70.25,0,1799613.3231,64.82105243016015
179,2021-06-02,1600000,13.233093062499998,71.25,0,1811729.489,67.79058200438595
180,2021-06-03,1600000,14.414483693749998,72.25,0,1830631.7391000001,72.82057506185122
181,2021-06-04,1600000,14.412442062499995,73.25,0,1830599.073,71.8162642022184
182,2021-06-07,1600000,14.737203962499999,74.25,0,1835795.2634000003,72.44551442845118
183,2021-06-08,1600000,15.438849725,75.25,0,1847021.5955999997,74.88611494518273
184,2021-06-09,1600000,14.9328556,76.25,0,1838925.6896,71.48186615081967
185,2021-06-10,1700000,15.405165205882357,72.76470588235294,100000,1961887.8085000003,77.27489903193211
186,2021-06-11,1700000,15.425247211764702,73.76470588235294,0,1962229.2026,76.32668177751195
187,2021-06-14,1800000,15.415753811111111,70.66666666666667,100000,2077483.5685999999,79.62382275078616
188,2021-06-15,1800000,15.943828450000003,71.66666666666667,0,2086988.9121,81.20228908255815
189,2021-06-16,1800000,15.264523855555552,72.66666666666667,0,2074761.4294,76.6727230359327
190,2021-06-17,1800000,14.257118944444446,73.66666666666667,0,2056628.141,70.64047621794872
191,2021-06-18,1900000,12.946821663157893,70.78947368421052,100000,2145989.6116,66.75554515539034
192,2021-06-21,2100000,11.784848690476187,65.04761904761905,200000,2347481.8225,66.12801260065883
193,2021-06-22,2100000,12.027372161904758,66.04761904761905,0,2352574.8153999997,66.4670566842105
194,2021-06-23,2100000,11.956950828571431,67.04761904761905,0,2351095.9674000004,65.09234950355115
195,2021-06-24,2200000,11.724067363636362,65.0,100000,2457929.482,65.8351475034965
196,2021-06-25,2200000,12.192877618181818,66.0,0,2468243.3076,67.4303080399449
197,2021-06-28,2200000,12.588115540909087,67.0,0,2476938.5419,68.5770473497286
198,2021-06-29,2200000,12.785642359090907,68.0,0,2481284.1319,68.62881560394383
199,2021-06-30,2200000,13.957047095454538,69.0,0,2507055.0360999997,73.8307563745059
200,2021-07-01,2200000,14.670169818181817,70.0,0,2522743.736,76.4944569090909
201,2021-07-02,2200000,15.507196459090908,71.0,0,2541158.322099999,79.72009447279129
202,2021-07-05,2200000,16.638841177272727,72.0,0,2566054.5058999993,84.34968096811869
203,2021-07-06,2300000,15.72662656086956,69.8695652173913,100000,2661712.4108999996,82.15621031642812
204,2021-07-07,2300000,16.182213613043483,70.8695652173913,0,2672190.9131000005,83.3433639763804
205,2021-07-08,2300000,15.793319147826088,71.8695652173913,0,2663246.3404,80.20865955595887
206,2021-07-09,2300000,16.013629739130437,72.8695652173913,0,2668313.4840000006,80.21146877088307
207,2021-07-12,2400000,15.549851495833336,70.83333333333333,100000,2773196.435900001,80.12747006088236
208,2021-07-13,2400000,15.363723083333328,71.83333333333333,0,2768729.3540000003,78.06624954176333
209,2021-07-14,2400000,15.205006754166668,72.83333333333333,0,2764920.1620999994,76.19900409982839
210,2021-07-15,2400000,15.906817858333332,73.83333333333333,0,2781763.6286,78.63641334029344
211,2021-07-16,2400000,16.3198696,74.83333333333333,0,2791676.8704000004,79.60025484187082
212,2021-07-19,2400000,16.188866495833334,75.83333333333333,0,2788532.7959000003,77.92003873818682
213,2021-07-20,2500000,14.959061780000003,73.8,100000,2873976.5445000003,73.98451964363146
214,2021-07-22,2500000,16.025960603999998,74.8,0,2900649.0151000004,78.20154572807486
215,2021-07-23,2500000,15.981529096000001,75.8,0,2899538.2273999997,76.95591187387863
216,2021-07-26,2700000,16.08974191923077,71.18518518518519,200000,3096253.0579000013,82.49969126639918
217,2021-07-27,2800000,15.810032999999994,69.64285714285714,100000,3184596.364,82.8607883384615
218,2021-07-28,3000000,14.609255070370368,66.0,200000,3371785.7773000007,80.79360758613916
219,2021-07-29,3000000,14.360604788888887,67.0,0,3365916.8204999994,78.23314549170811
220,2021-07-30,3000000,14.880652455555555,68.0,0,3382583.9427000005,79.8740903864379
221,2021-08-02,3000000,16.653397651851854,69.0,0,3436910.5637999997,88.09406004240473
222,2021-08-03,3100000,17.36993277857142,67.7741935483871,100000,3578349.0561999995,93.54630623014546
223,2021-08-04,3100000,15.810683532142857,68.7741935483871,0,3534270.7069000006,83.91082747007336
224,2021-08-05,3100000,16.05693624285714,69.7741935483871,0,3538757.614,83.99640942576445
225,2021-08-06,3100000,15.752346828571424,70.7741935483871,0,3532683.9488,81.23874401334805
226,2021-08-09,3100000,15.048489710714291,71.7741935483871,0,3511847.7983,76.52748812437402
227,2021-08-10,3100000,14.257869649999998,72.7741935483871,0,3486763.2857999997,71.5105474688608
228,2021-08-11,3200000,13.219783072413787,71.5,100000,3565520.3867000006,67.4856058941403
229,2021-08-12,3200000,14.532086148275859,72.5,0,3604203.8307000007,73.16153716028536
230,2021-08-13,3200000,14.769182431034483,73.5,0,3612764.7321000006,73.34355901125967
231,2021-08-16,3300000,14.675155829999998,72.27272727272727,100000,3726988.9753,74.11415177037735
232,2021-08-17,3300000,15.88296423333333,73.27272727272727,0,3763735.8150000004,79.1192325022746
233,2021-08-18,3300000,15.749772199999997,74.27272727272727,0,3759812.8004000005,77.39943131334148
234,2021-08-20,3400000,15.048328039999998,73.08823529411765,100000,3832953.2668,75.15080522189133
235,2021-08-23,3400000,14.296680109999999,74.08823529411765,0,3804766.1185000003,70.43342602822547
236,2021-08-24,3500000,14.530186261290321,72.97142857142858,100000,3925960.0621,72.67937724666555
237,2021-08-25,3500000,14.89043723225806,73.97142857142858,0,3936420.7374,73.4744440487048
238,2021-08-26,3500000,15.261933800000007,74.97142857142858,0,3947065.9686,74.30305041730186
239,2021-08-27,3500000,16.0389392,75.97142857142858,0,3972533.784800001,77.05808509966153
240,2021-08-30,3500000,17.646003851612896,76.97142857142858,0,4029301.0354000004,83.67769087021334
241,2021-08-31,3500000,18.75369086129032,77.97142857142858,0,4066325.8694999996,87.78981339427769
242,2021-09-01,3500000,19.961780361290316,78.97142857142858,0,4102985.132,92.26184664091309
243,2021-09-02,3600000,20.687154440625,77.77777777777777,100000,4242835.8293,97.08186048207591
244,2021-09-03,3600000,21.310265278125,78.77777777777777,0,4267000.4217,98.7365605622576
245,2021-09-06,3600000,21.445636318749997,79.77777777777777,0,4273919.770999999,98.11826644442027
246,2021-09-07,3600000,21.17450772812499,80.77777777777777,0,4262130.021699999,95.67848402598432
247,2021-09-08,3600000,21.152877875,81.77777777777777,0,4261568.5775999995,94.41196171110735
248,2021-09-09,3600000,21.536909387499996,82.77777777777777,0,4272250.821199999,94.96476152743288
249,2021-09-13,3700000,22.476131581249998,81.54054054054055,100000,4394103.6626,100.60992940165104
250,2021-09-14,3700000,22.730456440624994,82.54054054054055,0,4405540.9347,100.51565626412591
251,2021-09-15,3700000,23.21010480625,83.54054054054055,0,4423626.2305000005,101.40810915833266
252,2021-09-16,3700000,23.5411567,84.54054054054055,0,4436580.851700001,101.63789041991687
253,2021-09-17,3700000,23.744179540625005,85.54054054054055,0,4444274.6942,101.31600148377274
254,2021-09-20,3700000,22.16642201875,86.54054054054055,0,4385544.314599998,93.49079617839436
255,2021-09-21,3700000,22.394943710937504,87.54054054054055,0,4392339.836500001,93.37564520414047
256,2021-09-22,3700000,22.6243235546875,88.54054054054055,0,4401578.806,93.26663296888115
257,2021-09-23,3700000,23.519163314062492,89.54054054054055,0,4430563.0667,95.87271372061996
258,2021-09-24,3700000,23.468525601562494,90.54054054054055,0,4433108.2140999995,94.60968305943327
259,2021-09-27,3700000,23.02482634062499,91.54054054054055,0,4428139.8848,91.80699135817552
260,2021-09-28,3800000,21.777657734374994,90.13157894736842,100000,4491385.649100001,88.1915657739507
261,2021-09-29,3800000,21.410812653125,91.13157894736842,0,4476726.127299999,85.7545398495073
262,2021-09-30,3900000,21.171664348484843,89.7948717948718,100000,4584811.6665,86.0590068534214
263,2021-10-01,3900000,21.6940996090909,90.7948717948718,0,4609232.9546,87.21138320683676
264,2021-10-04,3900000,22.81017626515152,91.7948717948718,0,4654180.361,90.69912266324911
265,2021-10-05,3900000,23.062932065151518,92.7948717948718,0,4662248.347299999,90.71589885256475
266,2021-10-06,3900000,22.078217477272734,93.7948717948718,0,4618780.8811,85.91673750382104
267,2021-10-07,3900000,23.366797909090906,94.7948717948718,0,4670315.001599999,89.97196868701894
268,2021-10-08,3900000,23.925221971212125,95.7948717948718,0,4688624.4026999995,91.16047504288132
269,2021-10-11,3900000,25.648613242424243,96.7948717948718,0,4753960.610099999,96.7173535114991
270,2021-10-12,3900000,25.944612984848476,97.7948717948718,0,4767291.447500001,96.83313210260044
271,2021-10-13,3900000,27.74031848030303,98.7948717948718,0,4833548.6752,102.48726539504636
272,2021-10-14,3900000,28.244755524242414,99.7948717948718,0,4849291.2531,103.30526590123094
273,2021-10-18,3900000,27.8170493030303,100.7948717948718,0,4832508.483399999,100.73154332959457
274,2021-10-19,4000000,25.452909675,99.275,100000,4870931.3165,93.58158681818182
275,2021-10-20,4000000,21.778779374999996,100.275,0,4733748.714399999,79.27453973448016
276,2021-10-21,4100000,19.287149331428566,98.82926829268293,100000,4762348.174699999,71.23203103278098
277,2021-10-22,4200000,17.57720106388889,97.47619047619048,100000,4817313.504199999,65.81790237162107
278,2021-10-25,4400000,14.826701358108107,94.04545454545455,200000,4939538.072099999,57.54394002204354
279,2021-10-26,4400000,16.899007556756764,95.04545454545455,0,5025803.955799999,64.89671481623951
280,2021-10-27,4400000,17.050917014864865,96.04545454545455,0,5034306.617199999,64.79832637452193
281,2021-10-28,4400000,16.213333610810814,97.04545454545455,0,5001477.731199999,60.9803601380847
282,2021-10-29,4400000,15.607372871621616,98.04545454545455,0,4971955.4881,58.1025517659349
283,2021-11-01,4400000,16.79662109189189,99.04545454545455,0,5018331.644899998,61.898516460712194
284,2021-11-02,4500000,16.573907878378378,97.84444444444445,100000,5124559.349100001,61.82748964396204
285,2021-11-03,4500000,17.386523386486488,98.84444444444445,0,5147600.331499999,64.2027083235253
286,2021-11-04,4500000,18.36677128108107,99.84444444444445,0,5194427.865299999,67.14316009164402
287,2021-11-08,4500000,18.5699787527027,100.84444444444445,0,5200420.2171,67.21284729245082
288,2021-11-09,4500000,19.218569697297294,101.84444444444445,0,5232525.979700001,68.8773744879136
289,2021-11-10,4500000,19.852625628378377,102.84444444444445,0,5262404.9075,70.45794640149413
290,2021-11-11,4500000,19.148946604054057,103.84444444444445,0,5226160.1441,67.30610913151891
291,2021-11-12,4600000,19.52545501216217,102.58695652173913,100000,5337463.9083,69.47073313291011
292,2021-11-15,4600000,20.16345253648649,103.58695652173913,0,5366132.144299999,71.04813600999123
293,2021-11-16,4600000,20.239052879729723,104.58695652173913,0,5380999.148999998,70.63265388706341
294,2021-11-17,4600000,20.156229525675673,105.58695652173913,0,5372291.523299999,69.67739216308308
295,2021-11-18,4600000,18.41988882297298,106.58695652173913,0,5295157.7502999995,63.07769392978102
296,2021-11-22,4700000,15.105318065789477,105.31914893617021,100000,5270856.7271,52.34984473103404
297,2021-11-23,4700000,15.727047582894736,106.31914893617021,0,5299436.0724,53.99189539414833
298,2021-11-24,4700000,15.107186168421052,107.31914893617021,0,5270961.7036999995,51.38060640746693
299,2021-11-25,4700000,15.73010323026316,108.31914893617021,0,5310696.224900002,53.00528794247977
300,2021-11-26,4800000,12.632575680263157,107.0625,100000,5299051.752600001,43.067274940301715
301,2021-11-29,5000000,11.382481190000004,103.78,200000,5468750.122199999,40.032815902389686
302,2021-11-30,5000000,12.050935571249994,104.78,0,5493033.7438,41.979304099124334
303,2021-12-01,5000000,12.346717177500002,105.78,0,5513591.378799999,42.60306078452922
304,2021-12-02,5100000,13.809877737499997,104.70588235294117,100000,5675765.051399998,48.140613124262636
305,2021-12-03,5100000,13.476909303749995,105.70588235294117,0,5656437.8566999985,46.535460339325944
306,2021-12-06,5100000,11.202351152499999,106.70588235294117,0,5543377.456699999,38.318957497939635
307,2021-12-07,5100000,12.356949843749998,107.70588235294117,0,5602351.6559000015,41.87595509583218
308,2021-12-08,5100000,13.872316216249995,108.70588235294117,0,5675854.0399,46.57885396202988
309,2021-12-09,5100000,14.640030987499998,109.70588235294117,0,5711593.3555000005,48.70852132838471
310,2021-12-10,5100000,15.3624127375,110.70588235294117,0,5747449.7700000005,50.65025028490303
311,2021-12-13,5100000,14.607318441250001,111.70588235294117,0,5702003.8448,47.72954761872368
312,2021-12-14,5200000,15.142646913750005,110.5576923076923,100000,5819614.5671,49.992596699073765
313,2021-12-15,5200000,14.822954653749994,111.5576923076923,0,5816425.7783,48.498479456675554
314,2021-12-16,5200000,14.5132061775,112.5576923076923,0,5797260.034600001,47.06315620176832
315,2021-12-17,5200000,12.088677867499998,113.5576923076923,0,5679655.557000001,38.8557334335563
316,2021-12-20,5600000,9.280517175416666,106.44642857142857,400000,5939431.573100001,31.82247459579209
317,2021-12-21,5700000,10.63415999166667,105.57894736842105,100000,6094627.707499998,36.763658794720016
318,2021-12-22,5700000,11.72751862458333,106.57894736842105,0,6157568.635799999,40.163131684684146
319,2021-12-23,5800000,12.599695212916664,105.74137931034483,100000,6305776.594099999,43.49185515366799
320,2021-12-24,5800000,11.944930191875,106.74137931034483,0,6274410.754699999,40.845448580519104
321,2021-12-27,5800000,11.962957924166663,107.74137931034483,0,6276139.0992,40.52741546721207
322,2021-12-28,5800000,13.483249709583333,108.74137931034483,0,6367284.661099998,45.25771307307423
323,2021-12-29,5800000,13.841567381041662,109.74137931034483,0,6396921.1583,46.037074855719084
324,2021-12-30,5800000,13.497008885,110.74137931034483,0,6379422.526299998,44.48570420293477
325,2021-12-31,5800000,14.693693985,111.74137931034483,0,6456337.158899999,47.9965285700432
326,2022-01-03,5800000,15.645068824166662,112.74137931034483,0,6503160.1802,50.650880411012125
327,2022-01-04,5800000,16.221867187499996,113.74137931034483,0,6542191.404099998,52.05652999232604
328,2022-01-05,5800000,16.512004142500007,114.74137931034483,0,6563390.533899997,52.525789285758854
329,2022-01-06,5800000,16.272762540833323,115.74137931034483,0,6554070.987,51.31750081773297
330,2022-01-07,5800000,16.443513908750003,116.74137931034483,0,6563390.889299998,51.41178399767207
331,2022-01-10,5800000,17.12758507833333,117.74137931034483,0,6602465.5196,53.095764549467944
332,2022-01-11,5800000,16.932282740625002,118.74137931034483,0,6592379.8196,52.04826856672445
333,2022-01-12,5800000,17.260054591250004,119.74137931034483,0,6620590.8824,52.61272220255761
334,2022-01-13,5800000,17.856694591666674,120.74137931034483,0,6652629.453100002,53.98061181002192
335,2022-01-14,5900000,17.93473003666667,119.69491525423729,100000,6744041.328599999,54.690514208385274
336,2022-01-17,5900000,18.563189632916668,120.69491525423729,0,6799798.438700003,56.13794252841742
337,2022-01-18,5900000,16.614152176041664,121.69491525423729,0,6690588.855400001,49.83088678426981
338,2022-01-19,6100000,16.158283629268283,118.70491803278688,200000,6868149.564699999,49.68432329866847
339,2022-01-20,6100000,15.873417897357719,119.70491803278688,0,6838920.078100001,48.40066413101474
340,2022-01-21,6200000,13.292358509523817,118.7741935483871,100000,6827211.609800003,40.84819025944106
341,2022-01-24,6600000,8.185659114285714,112.57575757575758,400000,6955140.5496000005,26.54004415385503
342,2022-01-25,6600000,8.59535914345238,113.57575757575758,0,6990427.490899999,27.623025849221964
343,2022-01-27,6600000,6.898322291269843,114.57575757575758,0,6878935.7442999985,21.9757450405568
344,2022-01-28,6600000,7.914903297420636,115.57575757575758,0,6929923.7895,24.996069800060713
345,2022-01-31,6600000,10.14528503611111,116.57575757575758,0,7067237.667200001,31.765000847402735
346,2022-02-01,6600000,11.096807184325396,117.57575757575758,0,7124485.315,34.44872230288644
347,2022-02-02,6600000,12.244830046031742,118.57575757575758,0,7191427.126299999,37.69204648720989
348,2022-02-03,6600000,11.697161990873015,119.57575757575758,0,7186002.006800001,35.7050978662102
349,2022-02-04,6600000,11.158688092261908,120.57575757575758,0,7147254.834999999,33.77893894729698
350,2022-02-07,6600000,9.745130365674603,121.57575757575758,0,7045690.6859,29.257252057465255
351,2022-02-08,6600000,9.006245774404762,122.57575757575758,0,7004299.804800001,26.818351137875243
352,2022-02-09,6600000,10.243508320833334,123.57575757575758,0,7087074.8397,30.255776783824793
353,2022-02-10,6600000,10.460829473809522,124.57575757575758,0,7095913.6333,30.649645101443852
354,2022-02-11,6700000,8.47135752015504,123.71641791044776,100000,7081992.925300001,24.99300858431554
355,2022-02-14,7000000,5.7229184771317865,119.41428571428571,300000,7182775.5837,17.49259087100337
356,2022-02-15,7000000,8.352756831201551,120.41428571428571,0,7362293.5735,25.31889156924898
357,2022-02-16,7000000,7.989452061240316,121.41428571428571,0,7329578.5686,24.018178628625726
358,2022-02-17,7000000,7.8914355978682185,122.41428571428571,0,7322177.133499998,23.529721032271325
359,2022-02-18,7000000,7.0372958463178295,123.41428571428571,0,7262521.1627,20.812930764373252
360,2022-02-21,7000000,5.6411438207364375,124.41428571428571,0,7165116.272399999,16.54968706163922
361,2022-02-22,7100000,4.919889796511631,123.66197183098592,100000,7216946.501,14.521519826491904
362,2022-02-23,7100000,5.532553225000003,124.66197183098592,0,7255851.722499999,16.1988607870156
363,2022-02-24,7400000,0.5099066351851849,120.60810810810811,300000,7200602.443000001,1.543146018638862
364,2022-02-25,7600000,3.9035774985185205,118.4342105263158,200000,7589485.575599998,12.030356605810884
365,2022-02-28,7600000,5.036342269444446,119.4342105263158,0,7643376.2168999985,15.391443709858864
366,2022-03-02,7700000,4.96650743623188,118.88311688311688,100000,7736578.147799998,15.248382291380487
367,2022-03-03,7800000,4.351592389716313,118.35897435897436,100000,7800217.944300002,13.419609546709642
368,2022-03-04,7900000,2.011173579513884,117.86075949367088,100000,7726621.960400001,6.228352504057871
369,2022-03-07,8000000,-0.6262423378472227,117.3875,100000,7653346.0057999985,-1.94721289161313
370,2022-03-08,8200000,0.4863262525510185,115.52439024390245,200000,7962187.614599999,1.536550695540165
371,2022-03-09,8200000,2.3762803282312923,116.52439024390245,0,8117925.6779999975,7.443440107165104
372,2022-03-10,8200000,4.351358169897961,117.52439024390245,0,8268905.008500001,13.51417972657943
373,2022-03-11,8300000,5.101984704761904,117.10843373493977,100000,8410505.614400001,15.901710558720357
374,2022-03-14,8300000,5.773173687755101,118.10843373493977,0,8463674.2648,17.841303363311308
375,2022-03-15,8300000,4.9000762605442185,119.10843373493977,0,8404302.9691,15.015963009628473
376,2022-03-16,8300000,6.906438411904763,120.10843373493977,0,8582777.703200001,20.98811833570617
377,2022-03-17,8300000,8.527512367346937,121.10843373493977,0,8713729.6324,25.700456343889318
378,2022-03-21,8300000,7.4021763515306125,122.10843373493977,0,8625891.661200004,22.12618969606511
379,2022-03-22,8300000,6.881331524659865,123.10843373493977,0,8584251.3426,20.402225341512096
380,2022-03-23,8400000,6.763948909500001,122.64285714285714,100000,8671155.980800001,20.130331349764127
381,2022-03-24,8400000,6.597945444833336,123.64285714285714,0,8651967.915299999,19.477470377295404
382,2022-03-25,8500000,7.084286804,123.18823529411765,100000,8748554.194,20.990354129892083
383,2022-03-28,8500000,6.6465966591666685,124.18823529411765,0,8703335.974999998,19.534924341667857
384,2022-03-29,8500000,6.857029619500001,125.18823529411765,0,8721273.177100003,19.992420256083783
385,2022-03-30,8500000,8.170052103166666,126.18823529411765,0,8843944.084900001,23.63190998515251
386,2022-03-31,8500000,8.493006762499997,127.18823529411765,0,8863706.4979,24.37291044367426
387,2022-04-01,8500000,9.649209333166668,128.18823529411765,0,8961810.52,27.47491919617253
388,2022-04-04,8500000,11.146242217833333,129.18823529411765,0,9093349.6847,31.491864566822617
389,2022-04-05,8500000,12.134973094500001,130.18823529411765,0,9186912.729100002,34.02200797549815
390,2022-04-06,8500000,11.999083845000008,131.18823529411765,0,9174146.744099997,33.38459118385124
391,2022-04-07,8500000,11.380017400666667,132.18823529411765,0,9144606.9435,31.42266285650439
392,2022-04-08,8500000,12.138372625833336,133.18823529411765,0,9205818.527999999,33.264995205059556
393,2022-04-11,8500000,11.998741834333337,134.18823529411765,0,9177930.103199998,32.63729312731824
394,2022-04-12,8600000,10.682575546666664,133.62790697674419,100000,9159940.0861,29.179085138345506
395,2022-04-13,8600000,10.702751292000002,134.62790697674419,0,9167121.335800005,29.01704638589394
396,2022-04-18,8800000,9.486739180392156,132.5681818181818,200000,9301100.186800001,26.119840774403915
397,2022-04-19,8800000,8.167112382516338,133.5681818181818,0,9170213.4412,22.318159752120536
398,2022-04-20,8900000,8.897576784477124,133.06741573033707,100000,9332758.244600002,24.40579091815751
399,2022-04-21,8900000,10.351607277941175,134.06741573033707,0,9470892.249700002,28.18236359570224
400,2022-04-22,9000000,10.137230750490195,133.57777777777778,100000,9519044.915500002,27.699886055032678
401,2022-04-25,9000000,8.304444191503267,134.57777777777778,0,9377149.5725,22.52319944607681
402,2022-04-26,9000000,9.385742791666669,135.57777777777778,0,9502302.7755,25.268124135899857
403,2022-04-27,9100000,8.745700608496733,135.0879120879121,100000,9552770.2939,23.630394998065483
404,2022-04-28,9100000,9.827182413398694,136.0879120879121,0,9650913.969,26.357385647693608
405,2022-04-29,9200000,8.795227174019608,135.6086956521739,100000,9640263.124500003,23.67295034494858
406,2022-05-02,9300000,7.636565044230769,135.1505376344086,100000,9630963.7911,20.624011490684495
407,2022-05-04,9500000,4.663086791666665,133.30526315789473,200000,9586470.704199996,12.767888068622998
408,2022-05-05,9600000,4.610310549519232,132.91666666666666,100000,9667920.3199,12.660288530968176
409,2022-05-06,9700000,2.5583678976415114,132.5463917525773,100000,9609451.320599996,7.045112811386616
410,2022-05-09,9800000,0.6265622036163533,132.19387755102042,100000,9593434.619799998,1.7299984579974492
411,2022-05-10,9900000,-0.8063114124213835,131.85858585858585,100000,9564556.0071,-2.2319643701429976
412,2022-05-11,10100000,-1.7130101888888876,130.24752475247524,200000,9665590.163600003,-4.800465268976726
413,2022-05-12,10100000,-3.5385150836419745,131.24752475247524,0,9477420.225699998,-9.840627531567698
414,2022-05-13,10100000,-2.476407365586419,132.24752475247524,0,9558454.123100001,-6.834825000549774
415,2022-05-16,10100000,-1.7637943564814813,133.24752475247524,0,9655047.613300001,-4.831496429758494
416,2022-05-17,10100000,0.6086847820987638,134.24752475247524,0,9881069.344699996,1.654927685822769
417,2022-05-18,10100000,0.875278084876544,135.24752475247524,0,9902955.4802,2.3621615372601608
418,2022-05-19,10100000,-1.6914003469135808,136.24752475247524,0,9654306.0128,-4.531173155219036
419,2022-05-20,10200000,0.027868795000000838,135.91176470588235,100000,9941148.5665,0.0748434853819542
420,2022-05-23,10200000,-0.2980757799999978,136.91176470588235,0,9943594.259000003,-0.7946553017830232
421,2022-05-24,10200000,-1.458763358484849,137.91176470588235,0,9832821.2091,-3.860791912731281
422,2022-05-25,10300000,-3.284885847272726,137.5728155339806,100000,9747858.579399997,-8.715263474115604
423,2022-05-26,10300000,-2.2713564853030284,138.5728155339806,0,9867766.3094,-5.982739933088163
424,2022-05-27,10300000,-0.9076658230303043,139.5728155339806,0,10019162.227799999,-2.373657249361734
425,2022-05-30,10300000,1.088250331363638,140.5728155339806,0,10225554.293899998,2.8256627672916617
426,2022-05-31,10300000,2.335008463636364,141.5728155339806,0,10371097.803800002,6.020068796489447
427,2022-06-01,10300000,1.9478113621212128,142.5728155339806,0,10321282.698599996,4.986582782359346
428,2022-06-02,10300000,1.6882314548484867,143.5728155339806,0,10276375.681299997,4.2919300476757405
429,2022-06-03,10300000,0.21699790318182197,144.5728155339806,0,10124966.1865,0.5478501222295747
430,2022-06-06,10300000,0.021388360454547367,145.5728155339806,0,10107749.036300002,0.053627811877331476
431,2022-06-07,10300000,-1.0348997534848474,146.5728155339806,0,9999226.392199999,-2.5771382547700097
432,2022-06-08,10300000,-1.4063468640909076,147.5728155339806,0,9963307.896899998,-3.4783954181248466
433,2022-06-09,10300000,-0.838114352424242,148.5728155339806,0,10016942.160299998,-2.059002096281081
434,2022-06-10,10400000,-1.3268660810606059,148.14423076923077,100000,10057588.4343,-3.269152751156007
435,2022-06-13,10500000,-3.0917962857575763,147.73333333333332,100000,9967581.121300003,-7.6388017439182
436,2022-06-14,10500000,-3.25746021212121,148.73333333333332,0,9934603.2808,-7.993991331852813
437,2022-06-15,10500000,-2.7161126984848476,149.73333333333332,0,10003725.1734,-6.620978194213954
438,2022-06-16,10500000,-4.651002084393939,150.73333333333332,0,9800273.7424,-11.262377891223714
439,2022-06-17,10700000,-6.145091565151512,148.9158878504673,200000,9822354.994400002,-15.061914841031273
440,2022-06-20,11000000,-6.205216900143677,145.85454545454544,300000,10103221.9287,-15.528512748739008
441,2022-06-21,11000000,-4.251536745114945,146.85454545454544,0,10300407.013199998,-10.56699271489198
442,2022-06-22,11000000,-5.204113045833335,147.85454545454544,0,10205828.649799995,-12.84709412138517
443,2022-06-23,11000000,-3.925858795689656,148.85454545454544,0,10339687.962200005,-9.626434020211292
444,2022-06-24,11100000,-2.560982807327587,148.51351351351352,100000,10593427.2423,-6.2940987830680735
445,2022-06-27,11100000,-1.6436995287356317,149.51351351351352,0,10680918.154799996,-4.012682960154502
446,2022-06-28,11100000,-1.448832325862069,150.51351351351352,0,10709175.919899996,-3.513463918255924
447,2022-06-29,11100000,-1.9682596790229878,151.51351351351352,0,10650168.937999997,-4.74158882718613
448,2022-06-30,11100000,-2.360707830459771,152.51351351351352,0,10613602.816099996,-5.64971810213702
449,2022-07-01,11100000,-1.579080743965517,153.51351351351352,0,10702363.6368,-3.754486874516603
450,2022-07-04,11100000,-0.7443597966954022,154.51351351351352,0,10795705.454299996,-1.7583661106124553
451,2022-07-05,11100000,-0.764337701005746,155.51351351351352,0,10802451.713699998,-1.7939486708520336
452,2022-07-06,11100000,0.93899037586207,156.51351351351352,0,10993482.0692,2.18978846935197
453,2022-07-07,11100000,1.9230936590517222,157.51351351351352,0,11086617.770400003,4.456310889755235
454,2022-07-08,11100000,2.154515703735635,158.51351351351352,0,11120981.281499999,4.961080064612063
455,2022-07-11,11100000,2.7664053568965543,159.51351351351352,0,11180778.103,6.330109173989828
456,2022-07-12,11100000,2.2232832778735636,160.51351351351352,0,11124956.309299994,5.055639108887435
457,2022-07-13,11100000,2.3374346826149446,161.51351351351352,0,11134959.960300002,5.282305118593512
458,2022-07-14,11200000,2.2886882465517306,161.07142857142858,100000,11205866.132899996,5.186340106376648
459,2022-07-15,11400000,3.293027409339079,159.24561403508773,200000,11468533.218499998,7.547806020854857
460,2022-07-18,11400000,4.257861095545979,160.24561403508773,0,11578632.057500001,9.698357794266926
461,2022-07-19,11400000,4.7433788560344805,161.24561403508773,0,11628522.815199997,10.737242639516632
462,2022-07-20,11400000,5.148557835201154,162.24561403508773,0,11683692.170599999,11.582584965544983
463,2022-07-21,11400000,6.478896847988508,163.24561403508773,0,11838341.951099997,14.486130996496604
464,2022-07-22,11400000,6.61771606034483,164.24561403508773,0,11850550.874600003,14.706428395158532
465,2022-07-25,11400000,6.242578283764368,165.24561403508773,0,11801091.817799998,13.788814225896344
466,2022-07-26,11400000,4.965219234339082,166.24561403508773,0,11651574.942799998,10.901370427440334
467,2022-07-27,11400000,5.937194150431036,167.24561403508773,0,11762188.724599995,12.957445116932519
468,2022-07-28,11400000,6.7184032270114935,168.24561403508773,0,11827183.4104,14.575222016472797
469,2022-07-29,11400000,8.323810585488506,169.24561403508773,0,12011721.984099997,17.951371331096542
470,2022-08-01,11400000,9.754258827011494,170.24561403508773,0,12180398.012799999,20.91275297773847
471,2022-08-02,11400000,10.15422084841954,171.24561403508773,0,12224090.932999998,21.643127215589438
472,2022-08-03,11400000,9.62113536350574,172.24561403508773,0,12169811.654500004,20.387830641448048
473,2022-08-04,11400000,9.648632703448285,173.24561403508773,0,12175112.2613,20.32808135648016
474,2022-08-05,11500000,10.025677855172415,172.7391304347826,100000,12280875.622100003,21.184386004070582
475,2022-08-08,11500000,10.461404599856326,173.7391304347826,0,12318629.4288,21.97785075470317
476,2022-08-10,11500000,10.128638649568968,174.7391304347826,0,12299963.362300005,21.156984688512438
477,2022-08-11,11500000,10.875224968390812,175.7391304347826,0,12387681.8137,22.58721266938171
478,2022-08-12,11500000,10.97481631522988,176.7391304347826,0,12378364.303000003,22.6650880606039
479,2022-08-16,11500000,12.704022452586209,177.7391304347826,0,12569414.980000004,26.088617536560967
480,2022-08-17,11500000,13.106476571695403,178.7391304347826,0,12619021.419900002,26.764502753437828
481,2022-08-18,11500000,13.145516469540228,179.7391304347826,0,12626572.379399998,26.69487439811084
482,2022-08-19,11500000,11.795761715660927,180.7391304347826,0,12483373.372799996,23.821366274470407
483,2022-08-22,11500000,9.861788557614943,181.7391304347826,0,12272374.530500004,19.80615189980322
484,2022-08-23,11500000,10.368663532183911,182.7391304347826,0,12341475.791500002,20.710190424145598
485,2022-08-24,11500000,10.932318907327586,183.7391304347826,0,12398652.714300005,21.717183442265757
486,2022-08-25,11500000,11.046431114942534,184.7391304347826,0,12415303.204699997,21.825085716625697
487,2022-08-26,11500000,11.60246992456897,185.7391304347826,0,12481926.487100007,22.800265687443005
488,2022-08-29,11500000,11.216772902729888,186.7391304347826,0,12454703.963900007,21.92428603455586
489,2022-08-30,11500000,13.1340551841954,187.7391304347826,0,12661275.8341,25.535060970662435
490,2022-09-01,11500000,13.029033597844832,188.7391304347826,0,12639187.0642,25.196668291616533
491,2022-09-02,11500000,12.688595516522986,189.7391304347826,0,12608157.7787,24.408973272504692
492,2022-09-05,11500000,12.952642656178169,190.7391304347826,0,12608040.949699998,24.786285639073565
493,2022-09-06,11500000,13.129323651293111,191.7391304347826,0,12619631.671000004,24.99334967179267
494,2022-09-07,11500000,14.026219436063217,192.7391304347826,0,12732625.350999996,26.56217283233718
495,2022-09-08,11500000,14.608050018103448,193.7391304347826,0,12803458.439800002,27.52122529218547
496,2022-09-09,11500000,14.789183193821835,194.7391304347826,0,12830606.818499997,27.71940006968839
497,2022-09-12,11500000,15.608257978448268,195.7391304347826,0,12906232.701999998,29.105136767897207
498,2022-09-13,11500000,15.927192741666666,196.7391304347826,0,12926630.3516,29.54890233509208
499,2022-09-14,11500000,15.450689586206899,197.7391304347826,0,12883453.8158,28.51990744859431
500,2022-09-15,11500000,15.378654825287358,198.7391304347826,0,12877806.063900007,28.244105722661864
501,2022-09-16,11600000,12.345851793103453,198.02586206896552,100000,12591915.0005,22.755794911845378
502,2022-09-19,11600000,12.257778045402304,199.02586206896552,0,12580937.480299994,22.479937733024364
503,2022-09-20,11600000,13.579549529166668,200.02586206896552,0,12732210.639199998,24.77947364844704
504,2022-09-21,11600000,12.766897370258619,201.02586206896552,0,12648253.264399998,23.180686764301637
505,2022-09-22,11600000,13.222353092959768,202.02586206896552,0,12677492.215400003,23.888817151948647
506,2022-09-23,11600000,11.355087788649426,203.02586206896552,0,12472402.416,20.41418270865002
507,2022-09-26,11600000,8.925447299568965,204.02586206896552,0,12215835.092699997,15.967526034721342
508,2022-09-27,11700000,8.88683728606322,203.28205128205127,100000,12333945.990400001,15.956625727435663
509,2022-09-28,11700000,8.841955527442531,204.28205128205127,0,12326206.454499999,15.798322697771361
510,2022-09-29,11700000,8.590592406034485,205.28205128205127,0,12295922.809999999,15.274429540332363
511,2022-09-30,11700000,9.619007543965518,206.28205128205127,0,12398145.783999998,17.02008357841506
512,2022-10-03,11700000,8.194676469971263,207.28205128205127,0,12236113.265100002,14.429888613315306
513,2022-10-04,11700000,9.901131907471264,208.28205128205127,0,12447150.420500003,17.351054130598726
514,2022-10-06,11700000,10.40194942385058,209.28205128205127,0,12511912.26960001,18.141601329148862
515,2022-10-07,11800000,10.219286155316091,208.5084745762712,100000,12566685.1958,17.889150329599413
516,2022-10-10,11800000,9.367499200574715,209.5084745762712,0,12465351.7529,16.319803841467234
517,2022-10-11,11900000,7.778697034051728,208.74789915966386,100000,12360332.727599997,13.601211934867228
518,2022-10-12,11900000,8.489850321695403,209.74789915966386,0,12455359.406699993,14.773904195626596
519,2022-10-13,11900000,7.599073358189658,210.74789915966386,0,12360116.185,13.161041162445384
520,2022-10-14,11900000,7.70869705402299,211.74789915966386,0,12368152.3908,13.287850485811914
521,2022-10-17,12000000,7.48620789568966,210.98333333333332,100000,12453649.903000003,12.951098263338617
522,2022-10-18,12000000,7.881487733620689,211.98333333333332,0,12523811.276600005,13.570609432053866
523,2022-10-19,12000000,8.090502494540228,212.98333333333332,0,12537348.057799995,13.865091527539793
524,2022-10-20,12000000,8.4431447125,213.98333333333332,0,12592048.4245,14.401812384434146
525,2022-10-21,12000000,7.71898039841954,214.98333333333332,0,12519052.039399998,13.105331477276373
526,2022-10-24,12000000,8.27614292155173,215.98333333333332,0,12587536.126200002,13.986228102630054
527,2022-10-25,12000000,8.39014161666667,216.98333333333332,0,12610812.004800001,14.113534173515637
528,2022-10-27,12000000,8.933251352442527,217.98333333333332,0,12684624.402900003,14.958192875486763
529,2022-10-28,12000000,8.85808447198276,218.98333333333332,0,12689904.2623,14.764597757547946
530,2022-10-31,12000000,10.22176079755747,219.98333333333332,0,12852683.599600004,16.960115271346965
531,2022-11-01,12000000,11.13515965560345,220.98333333333332,0,12960445.241599996,18.39203533130067
532,2022-11-02,12000000,10.653182272844827,221.98333333333332,0,12907738.285900008,17.516682316638015
533,2022-11-03,12000000,10.2008040579023,222.98333333333332,0,12855068.7287,16.697631277977454
534,2022-11-04,12100000,10.561880163649427,222.1404958677686,100000,12968821.003600005,17.35427052448294
535,2022-11-07,12100000,10.974337128735632,223.1404958677686,0,13037452.636500001,17.951170344096635
536,2022-11-09,12200000,11.04234676178161,222.31147540983608,100000,13122926.884999994,18.129772926116626
537,2022-11-10,12200000,10.062345719109198,223.31147540983608,0,13003277.620700004,16.446786627218195
538,2022-11-11,12200000,10.631339666091957,224.31147540983608,0,13081379.239600003,17.299333308889675
539,2022-11-14,12200000,10.808934661350575,225.31147540983608,0,13109382.817499999,17.510253946083424
540,2022-11-15,12200000,11.216814677155178,226.31147540983608,0,13163153.9261,18.090719216722928
541,2022-11-16,12200000,10.694860469396554,227.31147540983608,0,13099931.531299997,17.173018055034923
542,2022-11-17,12200000,9.800931628017244,228.31147540983608,0,12988880.857099997,15.668682609162342
543,2022-11-18,12300000,9.559517389655174,227.45528455284554,100000,13043638.829099994,15.340262830488223
544,2022-11-21,12300000,9.417023260057473,228.45528455284554,0,13015266.4305,15.045454066202144
545,2022-11-22,12300000,9.638103903879314,229.45528455284554,0,13047024.593500003,15.331562015542705
546,2022-11-23,12300000,10.002477388074706,230.45528455284554,0,13097373.706099998,15.842137244676987
547,2022-11-24,12300000,10.638663078591954,231.45528455284554,0,13170050.347299995,16.77694260119378
548,2022-11-25,12300000,11.326704755603451,232.45528455284554,0,13260707.262699997,17.78512905717742
549,2022-11-28,12300000,11.702493676436783,233.45528455284554,0,13316885.364500001,18.296481058806524
550,2022-11-29,12300000,11.912533995977011,234.45528455284554,0,13326286.713800006,18.545433585872388
551,2022-11-30,12300000,13.0968754341954,235.45528455284554,0,13472793.022300003,20.30262154684584
552,2022-12-01,12300000,13.315051200143676,236.45528455284554,0,13502379.965899996,20.553542278587894
553,2022-12-02,12300000,13.441312888074705,237.45528455284554,0,13525758.309600005,20.66106557024391
554,2022-12-05,12300000,13.234913214655172,238.45528455284554,0,13497112.869299997,20.258487172585884
555,2022-12-06,12300000,13.272836021408045,239.45528455284554,0,13516013.517699998,20.231690258415583
556,2022-12-07,12300000,13.22995514511494,240.45528455284554,0,13501368.0823,20.082459975653748
557,2022-12-08,12300000,13.470256135488507,241.45528455284554,0,13543765.209699998,20.362542483004695
558,2022-12-09,12300000,12.798886037643683,242.45528455284554,0,13460297.630299998,19.267855565019556
559,2022-12-12,12300000,12.86110748074713,243.45528455284554,0,13479389.739599999,19.28199767400709
560,2022-12-13,12400000,13.09683330359195,242.49193548387098,100000,13633570.056499999,19.713414989543104
561,2022-12-14,12400000,13.548970419971265,243.49193548387098,0,13693712.402399996,20.310217640111926
562,2022-12-15,12400000,12.744787003017246,244.49193548387098,0,13604627.928499999,19.02658771502987
563,2022-12-16,12400000,11.581511712212647,245.49193548387098,0,13463354.224600002,17.219513816719044
564,2022-12-19,12500000,11.504986916091955,244.528,100000,13652624.593600001,17.173167180746432
565,2022-12-20,12600000,11.361967687356325,243.5873015873016,100000,13725119.007500002,17.025182260573352
566,2022-12-21,12600000,10.208747033333335,244.5873015873016,0,13591757.690100001,15.23461211185022
567,2022-12-22,12600000,9.221314242816087,245.5873015873016,0,13466508.538800001,13.70502333334772
568,2022-12-23,12800000,6.264372292796611,242.75,200000,13280620.227000007,9.419138565893977
569,2022-12-26,12800000,8.123443446045199,243.75,0,13513344.019700004,12.164335826898451
570,2022-12-27,12800000,9.075860082203391,244.75,0,13622036.495600002,13.534990520957049
571,2022-12-28,12800000,9.141253998163842,245.75,0,13616691.863700004,13.577040526265728
572,2022-12-29,12900000,8.792341634444442,244.84496124031008,100000,13697710.909899998,13.107088993440449
573,2022-12-30,12900000,8.861866206388893,245.84496124031008,0,13707031.682400003,13.156995974264394
574,2023-01-02,12900000,9.077462140277778,246.84496124031008,0,13728804.511600005,13.422488612096194
575,2023-01-03,12900000,9.36211295694445,247.84496124031008,0,13771114.0513,13.787535611714295
576,2023-01-04,12900000,8.242951341249997,248.84496124031008,0,13645786.0872,12.09056926272565
577,2023-01-05,12900000,8.746617803888887,249.84496124031008,0,13711586.252599996,12.777986326283221
578,2023-01-06,12900000,8.357443726666668,250.84496124031008,0,13662871.973800002,12.160766336107422
579,2023-01-09,12900000,9.015023570972225,251.84496124031008,0,13747809.214600002,13.065512953682196
580,2023-01-10,12900000,8.51832518638889,252.84496124031008,0,13688525.467299998,12.29681887975966
581,2023-01-11,12900000,8.051723955138888,253.84496124031008,0,13628997.0709,11.577457473514766
582,2023-01-12,12900000,8.411999529861111,254.84496124031008,0,13678065.069800004,12.048030353262673
583,2023-01-13,12900000,8.722252432083339,255.84496124031008,0,13727901.587900002,12.443560046195735
584,2023-01-16,13000000,8.023376705694442,254.87692307692308,100000,13760203.834599992,11.489986861990744
585,2023-01-17,13100000,8.148213472950822,253.93129770992365,100000,13893518.0735,11.712214856730604
586,2023-01-18,13100000,8.571665927868853,254.93129770992365,0,13936725.513899999,12.272553789107954
587,2023-01-19,13200000,8.136302493032785,254.0,100000,13963401.956000002,11.691930747862072
588,2023-01-20,13300000,7.586670217486341,253.09022556390977,100000,13986881.027199998,10.941294248770816
589,2023-01-23,13300000,7.565764352595627,254.09022556390977,0,13993818.962999998,10.868202358310786
590,2023-01-24,13300000,7.177362194808745,255.09022556390977,0,13931702.614300005,10.26984548433373
591,2023-01-25,13500000,5.812083890027319,252.3111111111111,200000,13963921.429799996,8.407915967385831
592,2023-01-27,13700000,4.660773746236559,249.62773722627736,200000,13964306.371499997,6.81487737011489
593,2023-01-30,13700000,4.726808652956989,250.62773722627736,0,13993532.766599998,6.883855623576254
594,2023-01-31,13700000,5.929807796774194,251.62773722627736,0,14159678.697000002,8.601515356298945
595,2023-02-01,13700000,5.202932202419356,252.62773722627736,0,14055099.474599997,7.517267401964169
596,2023-02-02,13800000,5.429888641269838,251.79710144927537,100000,14184657.839599991,7.871057064025606
597,2023-02-03,13800000,5.806446957010581,252.79710144927537,0,14214420.968500005,8.383613289704263
598,2023-02-06,13800000,6.044574996560843,253.79710144927537,0,14263652.138,8.693045984946599
599,2023-02-07,13800000,5.681799784259263,254.79710144927537,0,14200992.397999998,8.139248482257523
600,2023-02-08,13800000,6.286001288624337,255.79710144927537,0,14293611.360300003,8.969571810425151
601,2023-02-09,13900000,6.3595126521164,254.9568345323741,100000,14378291.362999996,9.104372990353157
602,2023-02-10,13900000,6.424240310846564,255.9568345323741,0,14385610.870399999,9.161106081589757
603,2023-02-13,13900000,5.4118129746031745,256.9568345323741,0,14219956.191900004,7.687329038454855
604,2023-02-14,14000000,4.952990869140625,256.12142857142857,100000,14290222.5334,7.058533435956325
605,2023-02-15,14100000,5.614198182692304,255.3049645390071,100000,14480021.186100006,8.02641006367741
606,2023-02-16,14100000,6.260497877692303,256.3049645390071,0,14567159.239300003,8.915479766330956
607,2023-02-17,14100000,5.875414593461538,257.3049645390071,0,14516672.861000003,8.334570343233132
608,2023-02-20,14100000,5.820725332948714,258.3049645390071,0,14508227.333399996,8.225024827989502
609,2023-02-21,14100000,5.865104828205132,259.3049645390071,0,14510776.930100001,8.255774300737846
610,2023-02-22,14100000,4.591530114615385,260.3049645390071,0,14327598.503400007,6.438250207031601
611,2023-02-23,14100000,4.002100423076927,261.3049645390071,0,14255977.405600002,5.590275167561993
612,2023-02-24,14100000,3.8472944134615363,262.3049645390071,0,14262685.692499999,5.353548924937082
613,2023-02-27,14200000,2.9250490623737364,261.4577464788732,100000,14237087.898299994,4.0834242708226025
614,2023-02-28,14300000,3.4369898667910457,260.6293706293706,100000,14418080.483200002,4.813353530913835
615,2023-03-01,14300000,4.066816117537315,261.6293706293706,0,14509503.588300003,5.673628611842412
616,2023-03-02,14300000,3.749293950870646,262.6293706293706,0,14491216.161200002,5.210735908129017
617,2023-03-03,14400000,4.457941514179105,261.80555555555554,100000,14689194.4291,6.215103607035908
618,2023-03-06,14400000,5.091674061069653,262.80555555555554,0,14782689.700400002,7.071620036196516
619,2023-03-08,14400000,5.579594229975124,263.80555555555554,0,14848373.607,7.719897671040658
620,2023-03-09,14400000,4.704492903358209,264.80555555555554,0,14712450.217000008,6.4845312860722615
621,2023-03-10,14400000,4.494088140422884,265.80555555555554,0,14690496.311599996,6.1712110110938125
622,2023-03-13,14400000,2.986542144029852,266.80555555555554,0,14486509.601400001,4.085701590062703
623,2023-03-14,14500000,2.1053919084577073,265.9655172413793,100000,14486127.7847,2.8893521782736724
624,2023-03-15,14500000,2.0183692442786083,266.9655172413793,0,14456687.508200001,2.7595503036281412
625,2023-03-16,14500000,2.0405923242537285,267.9655172413793,0,14477190.626800004,2.779522552081549
626,2023-03-17,14500000,2.464610104353235,268.9655172413793,0,14532539.497900005,3.3446023018691013
627,2023-03-20,14700000,2.007234060265701,266.3061224489796,200000,14650568.486699998,2.751121248206917
628,2023-03-21,14700000,2.3428509036231895,267.3061224489796,0,14705717.475300007,3.1991058490838866
629,2023-03-22,14700000,2.6408905634057955,268.3061224489796,0,14758639.4126,3.5926316061848826
630,2023-03-23,14800000,2.4575141848809494,267.4932432432432,100000,14846389.119600004,3.3533283555348428
631,2023-03-24,14800000,1.3766839421428554,268.4932432432432,0,14699827.260800008,1.871516887398572
632,2023-03-27,15000000,0.4613678884259273,265.91333333333336,200000,14779916.254200002,0.633286331168539
633,2023-03-28,15000000,-0.17087946921296507,266.91333333333336,0,14697089.6713,-0.23367512399555004
634,2023-03-29,15000000,1.0378613938657388,267.91333333333336,0,14876647.535600007,1.4139625081282305
635,2023-03-31,15000000,2.2234870383101843,268.91333333333336,0,15046206.077500002,3.0179714740184593
636,2023-04-03,15000000,3.0036166851851824,269.91333333333336,0,15129311.208500003,4.061748549259978
637,2023-04-05,15000000,3.794630988310186,270.91333333333336,0,15267761.875799997,5.11248484410716
638,2023-04-06,15100000,4.190941725462966,270.11920529801324,100000,15402893.246200003,5.663032097648607
639,2023-04-10,15200000,4.626969900347221,269.3421052631579,100000,15564487.550399993,6.270256230367948
640,2023-04-11,15200000,5.1194968412037,270.3421052631579,0,15622808.600300003,6.912043335685322
641,2023-04-12,15300000,5.941207380092593,269.57516339869284,100000,15812257.1858,8.04428963853245
642,2023-04-13,15400000,6.040257503424658,268.8246753246753,100000,15921088.299200008,8.201233707758643
643,2023-04-17,15400000,6.104902906278538,269.8246753246753,0,15933097.069100002,8.258286823139525
644,2023-04-18,15400000,6.264630745890414,270.8246753246753,0,15965634.544300001,8.443064574927476
645,2023-04-19,15400000,5.752275027397263,271.8246753246753,0,15875255.200100005,7.724024253840095
646,2023-04-20,15400000,5.7620790507990876,272.8246753246753,0,15875562.264700001,7.708829309661233
647,2023-04-21,15400000,5.600147766780822,273.8246753246753,0,15867861.944200002,7.464827384352249
648,2023-04-24,15400000,5.948057889726028,274.8246753246753,0,15917527.719899997,7.899731445821423
649,2023-04-25,15400000,6.267917916095888,275.8246753246753,0,15941783.157899996,8.294363209825315
650,2023-04-26,15400000,6.264411195662101,276.8246753246753,0,15920683.792099996,8.25977700049651
651,2023-04-27,15400000,6.7345463342465735,277.8246753246753,0,16000156.596200006,8.847700115648006
652,2023-04-28,15400000,7.730114441210042,278.8246753246753,0,16178064.638200002,10.119232696160052
653,2023-05-02,15400000,8.32563535627854,279.8246753246753,0,16242894.070200002,10.8598603804891
654,2023-05-03,15400000,8.314644767123292,280.8246753246753,0,16239501.587000003,10.806904117279819
655,2023-05-04,15400000,9.031966325799086,281.8246753246753,0,16338808.020700002,11.69758363109529
656,2023-05-05,15400000,8.98347245205479,282.8246753246753,0,16331026.493699998,11.593639915738718
657,2023-05-08,15400000,10.029071856621004,283.8246753246753,0,16464991.308599997,12.897438263530775
658,2023-05-09,15400000,9.92700223573059,284.8246753246753,0,16462878.5948,12.721355029761224
659,2023-05-10,15400000,10.38152050890411,285.8246753246753,0,16524359.913399998,13.25727032295477
660,2023-05-11,15400000,10.829916483219176,286.8246753246753,0,16584721.217200004,13.781657773692013
661,2023-05-12,15400000,10.874371787557076,287.8246753246753,0,16562173.045399996,13.790150889533745
662,2023-05-15,15400000,11.315793385616436,288.8246753246753,0,16629282.998300001,14.300248346534318
663,2023-05-16,15500000,11.369708584132418,287.9612903225806,100000,16731634.268800003,14.411463528863457
664,2023-05-17,15500000,11.249076900342468,288.9612903225806,0,16725749.556999993,14.209214888407315
665,2023-05-18,15500000,10.343064877397259,289.9612903225806,0,16593451.0241,13.019733344578809
666,2023-05-19,15500000,10.308579474885846,290.9612903225806,0,16602643.929399999,12.931725399491492
667,2023-05-22,15600000,10.927488732207209,290.09615384615387,100000,16857417.568300005,13.749004715763528
668,2023-05-23,15600000,11.449723010923426,291.09615384615387,0,16942315.5937,14.35659263706987
669,2023-05-24,15600000,11.45222245675675,292.09615384615387,0,16958311.9325,14.310565687618876
670,2023-05-25,15600000,11.803144509121621,293.09615384615387,0,17018447.2512,14.698752232998384
671,2023-05-26,15600000,12.535426627702709,294.09615384615387,0,17166704.450500004,15.557601346615929
672,2023-05-29,15600000,13.05387976114865,295.09615384615387,0,17234101.854699995,16.146147791893213
673,2023-05-30,15600000,13.120987049887384,296.09615384615387,0,17243721.628100004,16.17434137863626
674,2023-05-31,15600000,13.38616402060811,297.09615384615387,0,17300454.712900005,16.445685358996823
675,2023-06-01,15600000,13.850304083445947,298.09615384615387,0,17365765.66179999,16.958826624334176
676,2023-06-02,15600000,14.32253773536036,299.09615384615387,0,17436517.7311,17.478413567616514
677,2023-06-05,15700000,14.623335210022526,298.1910828025478,100000,17546285.980999995,17.89965448159477
678,2023-06-06,15700000,15.058450317342341,299.1910828025478,0,17620129.250299998,18.370648999112316
679,2023-06-07,15700000,16.137611834346842,300.1910828025478,0,17791077.889900006,19.621596566247522
680,2023-06-08,15700000,15.673527808783787,301.1910828025478,0,17735137.437200006,18.99404722402256
681,2023-06-09,15700000,15.299699337612617,302.1910828025478,0,17674018.592500005,18.47966593335071
682,2023-06-12,15700000,16.06078923941442,303.1910828025478,0,17814232.451,19.334962025265085
683,2023-06-13,15700000,16.86637461227477,304.1910828025478,0,17953205.908199992,20.23802498338301
684,2023-06-14,15700000,17.423072587612612,305.1910828025478,0,18018369.8983,20.83750755782408
685,2023-06-15,15700000,17.682531384797294,306.1910828025478,0,18075713.553099997,21.07874565247564
686,2023-06-16,15700000,18.28291773648649,307.1910828025478,0,18164710.8054,21.72349832858567
687,2023-06-19,15700000,18.008643017229733,308.1910828025478,0,18121997.562000003,21.32817939284813
688,2023-06-20,15700000,18.69811888536035,309.1910828025478,0,18260059.278300002,22.07312491452063
689,2023-06-21,15700000,18.863658320720724,310.1910828025478,0,18295531.268300004,22.196754416199198
690,2023-06-22,15700000,18.00842926204955,311.1910828025478,0,18138928.8467,21.122316942541488
691,2023-06-23,15700000,16.646659521058556,312.1910828025478,0,17900565.114899997,19.46253772094219
692,2023-06-26,15700000,17.55711902027027,313.1910828025478,0,18023099.608200002,20.46146520218397
693,2023-06-27,15700000,17.958923233671168,314.1910828025478,0,18081077.431100007,20.863122281574892
694,2023-06-28,15700000,18.544642393355854,315.1910828025478,0,18153230.438699998,21.47520930284444
695,2023-06-30,15700000,19.191154761036028,316.1910828025478,0,18263813.098799996,22.15360226383243
696,2023-07-03,15700000,19.389270350563063,317.1910828025478,0,18269015.77,22.3117359272077
697,2023-07-04,15700000,19.098064589527034,318.1910828025478,0,18241324.4001,21.90757048808645
698,2023-07-05,15700000,20.01459919155406,319.1910828025478,0,18399289.029200003,22.88700749649802
699,2023-07-06,15700000,20.899482539414404,320.1910828025478,0,18543731.858699996,23.824246009969016
700,2023-07-07,15700000,19.864031880292792,321.1910828025478,0,18355853.4906,22.57339018581669
701,2023-07-10,15700000,19.281496542004504,322.1910828025478,0,18276924.427399997,21.843392363980076
702,2023-07-11,15700000,20.077978595608112,323.1910828025478,0,18412294.290099997,22.675322981835652
703,2023-07-12,15700000,20.275870127815313,324.1910828025478,0,18438382.557199996,22.82818062938537
704,2023-07-13,15700000,19.717893315653157,325.1910828025478,0,18358772.204000004,22.131698686779046
705,2023-07-14,15700000,20.71106701520272,326.1910828025478,0,18519091.632999994,23.175187364410526
706,2023-07-17,15700000,21.306944030518018,327.1910828025478,0,18589062.636699997,23.769090846012865
707,2023-07-18,15700000,21.0087065436937,328.1910828025478,0,18560917.7627,23.36497939848557
708,2023-07-19,15700000,21.58768766768018,329.1910828025478,0,18650378.2047,23.93596427832
709,2023-07-20,15700000,21.62094870957207,330.1910828025478,0,18643362.433700003,23.900240466860094
710,2023-07-21,15700000,21.023443630067565,331.1910828025478,0,18540983.1796,23.16957588362832
711,2023-07-24,15700000,21.272589996621626,332.1910828025478,0,18565213.762400005,23.37358150393838
712,2023-07-25,15800000,21.74640121444445,331.0886075949367,100000,18778309.792100005,23.973752829886287
713,2023-07-26,15800000,22.18695194377777,332.0886075949367,0,18846250.99000001,24.385773177009032
714,2023-07-27,15800000,21.994032692333338,333.0886075949367,0,18793730.449100006,24.10116032087223
715,2023-07-28,15900000,22.718971071222224,331.9937106918239,100000,18953579.938700005,24.977655220383465
716,2023-07-31,15900000,23.599138365999995,332.9937106918239,0,19089436.0152,25.867411987134247
717,2023-08-01,15900000,23.731068929111103,333.9937106918239,0,19097691.92729999,25.934141517765994
718,2023-08-02,15900000,22.68346673488889,334.9937106918239,0,18917385.610900003,24.715285970998735
719,2023-08-03,16000000,21.989191845723678,333.9,100000,18995817.369300004,24.037301658248406
720,2023-08-04,16000000,22.71180212521931,334.9,0,19130690.2711,24.75308383309958
721,2023-08-07,16000000,23.113998100877193,335.9,0,19174315.079399996,25.11643139869061
722,2023-08-08,16000000,23.445248046820176,336.9,0,19226787.2443,25.40075849536766
723,2023-08-09,16000000,23.78404160921053,337.9,0,19276723.789700005,25.691551309150174
724,2023-08-10,16000000,23.390023296381575,338.9,0,19199087.374699995,25.19137947234959
725,2023-08-11,16000000,23.013137658991237,339.9,0,19132167.6217,24.712548530543692
726,2023-08-14,16000000,22.184702931249998,340.9,0,18999560.9789,23.753055353201084
727,2023-08-16,16000000,22.45478008388158,341.9,0,19054959.54089999,23.971906202447432
728,2023-08-17,16000000,22.45031650855262,342.9,0,19038786.501900014,23.89724562735989
729,2023-08-18,16000000,21.959766194956142,343.9,0,18934308.64910001,23.307108639601605
730,2023-08-21,16000000,22.978188625438598,344.9,0,19075949.035200004,24.317306025761347
731,2023-08-22,16000000,23.822588412609647,345.9,0,19206820.333399996,25.138030559706625
732,2023-08-23,16000000,24.09278362006579,346.9,0,19241997.081199985,25.349858810389204
733,2023-08-24,16000000,24.365687820065784,347.9,0,19251492.515099995,25.56331145249788
734,2023-08-25,16000000,23.824510205263152,348.9,0,19145611.88210001,24.923892877389083
735,2023-08-28,16000000,24.285669852412276,349.9,0,19225116.8133,25.333722481081683
736,2023-08-29,16000000,24.823350199561396,350.9,0,19319927.16369998,25.820811692333745
737,2023-08-30,16000000,25.724625284100874,351.9,0,19433864.2917,26.682262656143276
738,2023-08-31,16000000,25.74964466644738,352.9,0,19403174.7753,26.632531321205143
739,2023-09-01,16000000,26.909612083771933,353.9,0,19535677.4377,27.75362647803548
740,2023-09-04,16000000,27.494669689254387,354.9,0,19637321.19630001,28.27713281650564
741,2023-09-05,16000000,28.49255794166666,355.9,0,19765188.8276,29.221083587267017
742,2023-09-06,16000000,28.701164750548244,356.9,0,19787280.219099995,29.35255010913452
743,2023-09-07,16000000,29.162241221162294,357.9,0,19870412.920800008,29.740760116580716
744,2023-09-08,16000000,30.08715325307017,358.9,0,19988666.8682,30.598525877321293
745,2023-09-11,16000000,31.092338291666668,359.9,0,20158454.392600007,31.53293547223766
746,2023-09-12,16000000,28.417185348135945,360.9,0,19791774.407300007,28.74001843189144
747,2023-09-13,16100000,28.178860974891762,359.6583850931677,100000,19891607.867300007,28.597370955694924
748,2023-09-14,16100000,28.932443840584416,360.6583850931677,0,20022284.521000005,29.28073334295359
749,2023-09-15,16100000,29.074521231601736,361.6583850931677,0,20081305.832500003,29.343161079483334
750,2023-09-18,16100000,28.94256664253247,362.6583850931677,0,20043728.22229999,29.129443186072834
751,2023-09-20,16100000,28.027944963419912,363.6583850931677,0,19927899.005799998,28.13134615066647
752,2023-09-21,16300000,26.68548749209402,360.1963190184049,200000,19993636.229100008,27.04137277459691
753,2023-09-22,16300000,26.44851829626068,361.1963190184049,0,19933726.45100001,26.72704197088797
754,2023-09-25,16300000,27.008465089316225,362.1963190184049,0,20019318.077500004,27.217531598104085
755,2023-09-26,16300000,27.330915139743592,363.1963190184049,0,20098495.230500005,27.466644080996016
756,2023-09-27,16300000,28.000452190918804,364.1963190184049,0,20204521.093500003,28.06224147797848
757,2023-09-28,16300000,26.651353233119654,365.1963190184049,0,20001532.5915,26.63702623354871
758,2023-09-29,16300000,27.29631950267093,366.1963190184049,0,20119618.088000007,27.2071457331447
759,2023-10-03,16300000,27.012902331623934,367.1963190184049,0,20072001.036500007,26.851329494260373
