,date,annual_return,Investment,high_low
0,2020-09-10,56.35211032988095,12600000,"[-5.971929000000004, 56.35211032988095]"
1,2020-09-11,56.35211032988095,12600000,"[-5.971929000000004, 56.35211032988095]"
2,2020-09-14,56.35211032988095,12600000,"[-5.971929000000004, 56.35211032988095]"
3,2020-09-15,56.35211032988095,12600000,"[-5.971929000000004, 56.35211032988095]"
4,2020-09-16,56.35211032988095,12600000,"[-5.971929000000004, 56.35211032988095]"
5,2020-09-17,56.35211032988095,12600000,"[-5.971929000000004, 56.35211032988095]"
6,2020-09-18,56.35211032988095,12600000,"[-5.971929000000004, 56.35211032988095]"
7,2020-09-21,56.35211032988095,12600000,"[-5.971929000000004, 56.35211032988095]"
8,2020-09-22,55.88289915845238,12500000,"[-4.013672703144654, 55.88289915845238]"
9,2020-09-23,55.88289915845238,12500000,"[-4.013672703144654, 55.88289915845238]"
10,2020-09-24,55.88289915845238,12500000,"[-4.013672703144654, 55.88289915845238]"
11,2020-09-25,55.88289915845238,12500000,"[-4.013672703144654, 55.88289915845238]"
12,2020-09-28,55.88289915845238,12500000,"[-4.013672703144654, 55.88289915845238]"
13,2020-09-29,55.88289915845238,12500000,"[-4.013672703144654, 55.88289915845238]"
14,2020-09-30,55.88289915845238,12500000,"[-4.013672703144654, 55.88289915845238]"
15,2020-10-01,55.88289915845238,12500000,"[-4.013672703144654, 55.88289915845238]"
16,2020-10-05,55.88289915845238,12500000,"[-4.013672703144654, 55.88289915845238]"
17,2020-10-06,55.88289915845238,12500000,"[-4.013672703144654, 55.88289915845238]"
18,2020-10-07,55.88289915845238,12500000,"[-4.013672703144654, 55.88289915845238]"
19,2020-10-08,55.88289915845238,12500000,"[-4.013672703144654, 55.88289915845238]"
20,2020-10-09,55.88289915845238,12500000,"[-4.013672703144654, 55.88289915845238]"
21,2020-10-12,55.88289915845238,12500000,"[-4.013672703144654, 55.88289915845238]"
22,2020-10-13,55.88289915845238,12500000,"[-4.013672703144654, 55.88289915845238]"
23,2020-10-14,55.88289915845238,12500000,"[-4.013672703144654, 55.88289915845238]"
24,2020-10-15,55.88289915845238,12500000,"[-4.013672703144654, 55.88289915845238]"
25,2020-10-16,55.88289915845238,12500000,"[-4.013672703144654, 55.88289915845238]"
26,2020-10-19,55.88289915845238,12500000,"[-4.013672703144654, 55.88289915845238]"
27,2020-10-20,55.88289915845238,12500000,"[-4.013672703144654, 55.88289915845238]"
28,2020-10-21,55.88289915845238,12500000,"[-4.013672703144654, 55.88289915845238]"
29,2020-10-22,55.88289915845238,12500000,"[-4.013672703144654, 55.88289915845238]"
30,2020-10-23,55.88289915845238,12500000,"[-4.013672703144654, 55.88289915845238]"
31,2020-10-26,55.88289915845238,12500000,"[-4.013672703144654, 55.88289915845238]"
32,2020-10-27,55.88289915845238,12500000,"[-4.013672703144654, 55.88289915845238]"
33,2020-10-28,55.88289915845238,12500000,"[-4.013672703144654, 55.88289915845238]"
34,2020-10-29,55.88289915845238,12500000,"[-4.013672703144654, 55.88289915845238]"
35,2020-10-30,55.88289915845238,12500000,"[-4.013672703144654, 55.88289915845238]"
36,2020-11-02,55.88289915845238,12500000,"[-4.013672703144654, 55.88289915845238]"
37,2020-11-03,55.88289915845238,12500000,"[-4.013672703144654, 55.88289915845238]"
38,2020-11-04,55.88289915845238,12500000,"[-4.013672703144654, 55.88289915845238]"
39,2020-11-05,55.88289915845238,12500000,"[-4.013672703144654, 55.88289915845238]"
40,2020-11-06,55.88289915845238,12500000,"[-4.013672703144654, 55.88289915845238]"
41,2020-11-09,55.88289915845238,12500000,"[-4.013672703144654, 55.88289915845238]"
42,2020-11-10,55.88289915845238,12500000,"[-4.013672703144654, 55.88289915845238]"
43,2020-11-11,55.88289915845238,12500000,"[-4.013672703144654, 55.88289915845238]"
44,2020-11-12,55.88289915845238,12500000,"[-4.013672703144654, 55.88289915845238]"
45,2020-11-13,55.88289915845238,12500000,"[-4.013672703144654, 55.88289915845238]"
46,2020-11-14,55.88289915845238,12500000,"[-4.013672703144654, 55.88289915845238]"
47,2020-11-17,55.88289915845238,12500000,"[-4.013672703144654, 55.88289915845238]"
48,2020-11-18,55.88289915845238,12500000,"[-4.013672703144654, 55.88289915845238]"
49,2020-11-19,55.88289915845238,12500000,"[-4.013672703144654, 55.88289915845238]"
50,2020-11-20,55.88289915845238,12500000,"[-4.013672703144654, 55.88289915845238]"
51,2020-11-23,55.88289915845238,12500000,"[-4.013672703144654, 55.88289915845238]"
52,2020-11-24,55.88289915845238,12500000,"[-4.013672703144654, 55.88289915845238]"
53,2020-11-25,55.88289915845238,12500000,"[-4.013672703144654, 55.88289915845238]"
54,2020-11-26,55.88289915845238,12500000,"[-4.013672703144654, 55.88289915845238]"
55,2020-11-27,55.88289915845238,12500000,"[-4.013672703144654, 55.88289915845238]"
56,2020-12-01,55.88289915845238,12500000,"[-4.013672703144654, 55.88289915845238]"
57,2020-12-02,55.88289915845238,12500000,"[-4.013672703144654, 55.88289915845238]"
58,2020-12-03,55.88289915845238,12500000,"[-4.013672703144654, 55.88289915845238]"
59,2020-12-04,55.88289915845238,12500000,"[-4.013672703144654, 55.88289915845238]"
60,2020-12-07,55.88289915845238,12500000,"[-4.013672703144654, 55.88289915845238]"
61,2020-12-08,55.88289915845238,12500000,"[-4.013672703144654, 55.88289915845238]"
62,2020-12-09,55.88289915845238,12500000,"[-4.013672703144654, 55.88289915845238]"
63,2020-12-10,55.88289915845238,12500000,"[-4.013672703144654, 55.88289915845238]"
64,2020-12-11,55.88289915845238,12500000,"[-4.013672703144654, 55.88289915845238]"
65,2020-12-14,55.88289915845238,12500000,"[-4.013672703144654, 55.88289915845238]"
66,2020-12-15,55.88289915845238,12500000,"[-4.013672703144654, 55.88289915845238]"
67,2020-12-16,55.88289915845238,12500000,"[-4.013672703144654, 55.88289915845238]"
68,2020-12-17,55.88289915845238,12500000,"[-4.013672703144654, 55.88289915845238]"
69,2020-12-18,55.88289915845238,12500000,"[-4.013672703144654, 55.88289915845238]"
70,2020-12-21,55.88289915845238,12500000,"[-4.013672703144654, 55.88289915845238]"
71,2020-12-22,55.73933227630952,12400000,"[-4.126497788050315, 55.73933227630952]"
72,2020-12-23,55.73933227630952,12400000,"[-4.126497788050315, 55.73933227630952]"
73,2020-12-24,55.73933227630952,12400000,"[-4.126497788050315, 55.73933227630952]"
74,2020-12-28,55.73933227630952,12400000,"[-4.126497788050315, 55.73933227630952]"
75,2020-12-29,55.73933227630952,12400000,"[-4.126497788050315, 55.73933227630952]"
76,2020-12-30,55.73933227630952,12400000,"[-4.126497788050315, 55.73933227630952]"
77,2020-12-31,55.73933227630952,12400000,"[-4.126497788050315, 55.73933227630952]"
78,2021-01-01,55.73933227630952,12400000,"[-4.126497788050315, 55.73933227630952]"
79,2021-01-04,55.73933227630952,12400000,"[-4.126497788050315, 55.73933227630952]"
80,2021-01-05,55.73933227630952,12400000,"[-4.126497788050315, 55.73933227630952]"
81,2021-01-06,55.73933227630952,12400000,"[-4.126497788050315, 55.73933227630952]"
82,2021-01-07,55.73933227630952,12400000,"[-4.126497788050315, 55.73933227630952]"
83,2021-01-08,55.73933227630952,12400000,"[-4.126497788050315, 55.73933227630952]"
84,2021-01-11,55.73933227630952,12400000,"[-4.126497788050315, 55.73933227630952]"
85,2021-01-12,55.73933227630952,12400000,"[-4.126497788050315, 55.73933227630952]"
86,2021-01-13,55.73933227630952,12400000,"[-4.126497788050315, 55.73933227630952]"
87,2021-01-14,55.73933227630952,12400000,"[-4.126497788050315, 55.73933227630952]"
88,2021-01-15,55.73933227630952,12400000,"[-4.126497788050315, 55.73933227630952]"
89,2021-01-18,55.73933227630952,12400000,"[-4.126497788050315, 55.73933227630952]"
90,2021-01-19,55.73933227630952,12400000,"[-4.126497788050315, 55.73933227630952]"
91,2021-01-20,55.73933227630952,12400000,"[-4.126497788050315, 55.73933227630952]"
92,2021-01-21,55.73933227630952,12400000,"[-4.126497788050315, 55.73933227630952]"
93,2021-01-22,55.73933227630952,12400000,"[-4.126497788050315, 55.73933227630952]"
94,2021-01-25,55.73933227630952,12400000,"[-4.126497788050315, 55.73933227630952]"
95,2021-01-27,55.73933227630952,12400000,"[-4.126497788050315, 55.73933227630952]"
96,2021-01-28,55.73933227630952,12400000,"[-4.126497788050315, 55.73933227630952]"
97,2021-01-29,55.73933227630952,12400000,"[-4.126497788050315, 55.73933227630952]"
98,2021-02-01,55.73933227630952,12400000,"[-4.126497788050315, 55.73933227630952]"
99,2021-02-02,55.73933227630952,12400000,"[-4.126497788050315, 55.73933227630952]"
100,2021-02-03,55.73933227630952,12400000,"[-4.126497788050315, 55.73933227630952]"
101,2021-02-04,55.73933227630952,12400000,"[-4.126497788050315, 55.73933227630952]"
102,2021-02-05,55.73933227630952,12400000,"[-4.126497788050315, 55.73933227630952]"
103,2021-02-08,55.73933227630952,12400000,"[-4.126497788050315, 55.73933227630952]"
104,2021-02-09,55.73933227630952,12400000,"[-4.126497788050315, 55.73933227630952]"
105,2021-02-10,55.73933227630952,12400000,"[-4.126497788050315, 55.73933227630952]"
106,2021-02-11,55.73933227630952,12400000,"[-4.126497788050315, 55.73933227630952]"
107,2021-02-12,55.73933227630952,12400000,"[-4.126497788050315, 55.73933227630952]"
108,2021-02-15,55.73933227630952,12400000,"[-4.126497788050315, 55.73933227630952]"
109,2021-02-16,55.73933227630952,12400000,"[-4.126497788050315, 55.73933227630952]"
110,2021-02-17,55.73933227630952,12400000,"[-4.126497788050315, 55.73933227630952]"
111,2021-02-18,55.73933227630952,12400000,"[-4.126497788050315, 55.73933227630952]"
112,2021-02-19,55.73933227630952,12400000,"[-4.126497788050315, 55.73933227630952]"
113,2021-02-22,55.73933227630952,12400000,"[-4.126497788050315, 55.73933227630952]"
114,2021-02-23,55.73933227630952,12400000,"[-4.126497788050315, 55.73933227630952]"
115,2021-02-24,55.73933227630952,12400000,"[-4.126497788050315, 55.73933227630952]"
116,2021-02-25,55.73933227630952,12400000,"[-4.126497788050315, 55.73933227630952]"
117,2021-02-26,55.73933227630952,12400000,"[-4.126497788050315, 55.73933227630952]"
118,2021-03-01,55.73933227630952,12400000,"[-4.126497788050315, 55.73933227630952]"
119,2021-03-02,55.73933227630952,12400000,"[-4.126497788050315, 55.73933227630952]"
120,2021-03-03,55.73933227630952,12400000,"[-4.126497788050315, 55.73933227630952]"
121,2021-03-04,55.73933227630952,12400000,"[-4.126497788050315, 55.73933227630952]"
122,2021-03-05,55.73933227630952,12400000,"[-4.126497788050315, 55.73933227630952]"
123,2021-03-08,55.73933227630952,12400000,"[-4.126497788050315, 55.73933227630952]"
124,2021-03-09,55.73933227630952,12400000,"[-4.126497788050315, 55.73933227630952]"
125,2021-03-10,55.73933227630952,12400000,"[-4.126497788050315, 55.73933227630952]"
126,2021-03-12,55.73933227630952,12400000,"[-4.126497788050315, 55.73933227630952]"
127,2021-03-15,55.73933227630952,12400000,"[-4.126497788050315, 55.73933227630952]"
128,2021-03-16,55.73933227630952,12400000,"[-4.126497788050315, 55.73933227630952]"
129,2021-03-17,55.73933227630952,12400000,"[-4.126497788050315, 55.73933227630952]"
130,2021-03-18,55.73933227630952,12400000,"[-4.126497788050315, 55.73933227630952]"
131,2021-03-19,55.73933227630952,12400000,"[-4.126497788050315, 55.73933227630952]"
132,2021-03-22,55.41576783345238,12300000,"[-4.405108071069183, 55.41576783345238]"
133,2021-03-23,55.41576783345238,12300000,"[-4.405108071069183, 55.41576783345238]"
134,2021-03-24,55.41576783345238,12300000,"[-4.405108071069183, 55.41576783345238]"
135,2021-03-25,55.41576783345238,12300000,"[-4.405108071069183, 55.41576783345238]"
136,2021-03-26,55.41576783345238,12300000,"[-4.405108071069183, 55.41576783345238]"
137,2021-03-30,55.41576783345238,12300000,"[-4.405108071069183, 55.41576783345238]"
138,2021-03-31,55.41576783345238,12300000,"[-4.405108071069183, 55.41576783345238]"
139,2021-04-01,55.41576783345238,12300000,"[-4.405108071069183, 55.41576783345238]"
140,2021-04-05,55.41576783345238,12300000,"[-4.405108071069183, 55.41576783345238]"
141,2021-04-06,55.41576783345238,12300000,"[-4.405108071069183, 55.41576783345238]"
142,2021-04-07,55.41576783345238,12300000,"[-4.405108071069183, 55.41576783345238]"
143,2021-04-08,55.41576783345238,12300000,"[-4.405108071069183, 55.41576783345238]"
144,2021-04-09,55.41576783345238,12300000,"[-4.405108071069183, 55.41576783345238]"
145,2021-04-12,55.41576783345238,12300000,"[-4.405108071069183, 55.41576783345238]"
146,2021-04-13,55.41576783345238,12300000,"[-4.405108071069183, 55.41576783345238]"
147,2021-04-15,55.41576783345238,12300000,"[-4.405108071069183, 55.41576783345238]"
148,2021-04-16,55.41576783345238,12300000,"[-4.405108071069183, 55.41576783345238]"
149,2021-04-19,55.41576783345238,12300000,"[-4.405108071069183, 55.41576783345238]"
150,2021-04-20,55.47632221845238,12200000,"[-4.337189429559749, 55.47632221845238]"
151,2021-04-22,55.47632221845238,12200000,"[-4.337189429559749, 55.47632221845238]"
152,2021-04-23,55.47632221845238,12200000,"[-4.337189429559749, 55.47632221845238]"
153,2021-04-26,55.47632221845238,12200000,"[-4.337189429559749, 55.47632221845238]"
154,2021-04-27,55.47632221845238,12200000,"[-4.337189429559749, 55.47632221845238]"
155,2021-04-28,55.47632221845238,12200000,"[-4.337189429559749, 55.47632221845238]"
156,2021-04-29,55.47632221845238,12200000,"[-4.337189429559749, 55.47632221845238]"
157,2021-04-30,55.47632221845238,12200000,"[-4.337189429559749, 55.47632221845238]"
158,2021-05-03,55.47632221845238,12200000,"[-4.337189429559749, 55.47632221845238]"
159,2021-05-04,55.47632221845238,12200000,"[-4.337189429559749, 55.47632221845238]"
160,2021-05-05,55.47632221845238,12200000,"[-4.337189429559749, 55.47632221845238]"
161,2021-05-06,55.47632221845238,12200000,"[-4.337189429559749, 55.47632221845238]"
162,2021-05-07,55.47632221845238,12200000,"[-4.337189429559749, 55.47632221845238]"
163,2021-05-10,55.47632221845238,12200000,"[-4.337189429559749, 55.47632221845238]"
164,2021-05-11,55.47632221845238,12200000,"[-4.337189429559749, 55.47632221845238]"
165,2021-05-12,55.47632221845238,12200000,"[-4.337189429559749, 55.47632221845238]"
166,2021-05-14,55.47632221845238,12200000,"[-4.337189429559749, 55.47632221845238]"
167,2021-05-17,54.488044837560395,12100000,"[-6.703445438333335, 54.488044837560395]"
168,2021-05-18,54.488044837560395,12100000,"[-6.703445438333335, 54.488044837560395]"
169,2021-05-19,54.488044837560395,12100000,"[-6.703445438333335, 54.488044837560395]"
170,2021-05-20,54.488044837560395,12100000,"[-6.703445438333335, 54.488044837560395]"
171,2021-05-21,54.488044837560395,12100000,"[-6.703445438333335, 54.488044837560395]"
172,2021-05-24,54.488044837560395,12100000,"[-6.703445438333335, 54.488044837560395]"
173,2021-05-25,54.488044837560395,12100000,"[-6.703445438333335, 54.488044837560395]"
174,2021-05-26,54.488044837560395,12100000,"[-6.703445438333335, 54.488044837560395]"
175,2021-05-27,54.488044837560395,12100000,"[-6.703445438333335, 54.488044837560395]"
176,2021-05-28,54.488044837560395,12100000,"[-6.703445438333335, 54.488044837560395]"
177,2021-05-31,54.488044837560395,12100000,"[-6.703445438333335, 54.488044837560395]"
178,2021-06-01,54.488044837560395,12100000,"[-6.703445438333335, 54.488044837560395]"
179,2021-06-02,54.488044837560395,12100000,"[-6.703445438333335, 54.488044837560395]"
180,2021-06-03,54.488044837560395,12100000,"[-6.703445438333335, 54.488044837560395]"
181,2021-06-04,54.488044837560395,12100000,"[-6.703445438333335, 54.488044837560395]"
182,2021-06-07,54.488044837560395,12100000,"[-6.703445438333335, 54.488044837560395]"
183,2021-06-08,54.488044837560395,12100000,"[-6.703445438333335, 54.488044837560395]"
184,2021-06-09,54.488044837560395,12100000,"[-6.703445438333335, 54.488044837560395]"
185,2021-06-10,54.488044837560395,12100000,"[-6.703445438333335, 54.488044837560395]"
186,2021-06-11,54.673931112922716,12000000,"[-6.538730438333335, 54.673931112922716]"
187,2021-06-14,54.673931112922716,12000000,"[-6.538730438333335, 54.673931112922716]"
188,2021-06-15,54.673931112922716,12000000,"[-6.538730438333335, 54.673931112922716]"
189,2021-06-16,54.673931112922716,12000000,"[-6.538730438333335, 54.673931112922716]"
190,2021-06-17,54.673931112922716,12000000,"[-6.538730438333335, 54.673931112922716]"
191,2021-06-18,54.57775666727054,11900000,"[-6.7317240697278935, 54.57775666727054]"
192,2021-06-21,54.57775666727054,11900000,"[-6.7317240697278935, 54.57775666727054]"
193,2021-06-22,54.465547337560395,11800000,"[-6.799379962585036, 54.465547337560395]"
194,2021-06-23,54.465547337560395,11800000,"[-6.799379962585036, 54.465547337560395]"
195,2021-06-24,54.465547337560395,11800000,"[-6.799379962585036, 54.465547337560395]"
196,2021-06-25,54.465547337560395,11800000,"[-6.799379962585036, 54.465547337560395]"
197,2021-06-28,54.465547337560395,11800000,"[-6.799379962585036, 54.465547337560395]"
198,2021-06-29,54.465547337560395,11800000,"[-6.799379962585036, 54.465547337560395]"
199,2021-06-30,54.465547337560395,11800000,"[-6.799379962585036, 54.465547337560395]"
200,2021-07-01,54.465547337560395,11800000,"[-6.799379962585036, 54.465547337560395]"
201,2021-07-02,54.465547337560395,11800000,"[-6.799379962585036, 54.465547337560395]"
202,2021-07-05,54.465547337560395,11800000,"[-6.799379962585036, 54.465547337560395]"
203,2021-07-06,54.465547337560395,11800000,"[-6.799379962585036, 54.465547337560395]"
204,2021-07-07,54.465547337560395,11800000,"[-6.799379962585036, 54.465547337560395]"
205,2021-07-08,54.465547337560395,11800000,"[-6.799379962585036, 54.465547337560395]"
206,2021-07-09,54.465547337560395,11800000,"[-6.799379962585036, 54.465547337560395]"
207,2021-07-12,54.465547337560395,11800000,"[-6.799379962585036, 54.465547337560395]"
208,2021-07-13,54.465547337560395,11800000,"[-6.799379962585036, 54.465547337560395]"
209,2021-07-14,54.465547337560395,11800000,"[-6.799379962585036, 54.465547337560395]"
210,2021-07-15,54.465547337560395,11800000,"[-6.799379962585036, 54.465547337560395]"
211,2021-07-16,54.465547337560395,11800000,"[-6.799379962585036, 54.465547337560395]"
212,2021-07-19,54.465547337560395,11800000,"[-6.799379962585036, 54.465547337560395]"
213,2021-07-20,54.465547337560395,11800000,"[-6.799379962585036, 54.465547337560395]"
214,2021-07-22,54.465547337560395,11800000,"[-6.799379962585036, 54.465547337560395]"
215,2021-07-23,54.465547337560395,11800000,"[-6.799379962585036, 54.465547337560395]"
216,2021-07-26,54.465547337560395,11800000,"[-6.799379962585036, 54.465547337560395]"
217,2021-07-27,54.465547337560395,11800000,"[-6.799379962585036, 54.465547337560395]"
218,2021-07-28,54.465547337560395,11800000,"[-6.799379962585036, 54.465547337560395]"
219,2021-07-29,54.465547337560395,11800000,"[-6.799379962585036, 54.465547337560395]"
220,2021-07-30,54.465547337560395,11800000,"[-6.799379962585036, 54.465547337560395]"
221,2021-08-02,54.465547337560395,11800000,"[-6.799379962585036, 54.465547337560395]"
222,2021-08-03,54.465547337560395,11800000,"[-6.799379962585036, 54.465547337560395]"
223,2021-08-04,54.465547337560395,11800000,"[-6.799379962585036, 54.465547337560395]"
224,2021-08-05,54.465547337560395,11800000,"[-6.799379962585036, 54.465547337560395]"
225,2021-08-06,54.643760908701,11600000,"[-6.585025705673762, 54.643760908701]"
226,2021-08-09,54.643760908701,11600000,"[-6.585025705673762, 54.643760908701]"
227,2021-08-10,54.81378671384806,11500000,"[-6.445499471631209, 54.81378671384806]"
228,2021-08-11,54.81378671384806,11500000,"[-6.445499471631209, 54.81378671384806]"
229,2021-08-12,55.081223492034326,11200000,"[-6.228625120567376, 55.081223492034326]"
230,2021-08-13,55.081223492034326,11200000,"[-6.228625120567376, 55.081223492034326]"
231,2021-08-16,55.081223492034326,11200000,"[-6.228625120567376, 55.081223492034326]"
232,2021-08-17,55.081223492034326,11200000,"[-6.228625120567376, 55.081223492034326]"
233,2021-08-18,55.081223492034326,11200000,"[-6.228625120567376, 55.081223492034326]"
234,2021-08-20,55.081223492034326,11200000,"[-6.228625120567376, 55.081223492034326]"
235,2021-08-23,54.853098492034334,11100000,"[-6.483345865248228, 54.853098492034334]"
236,2021-08-24,54.853098492034334,11100000,"[-6.483345865248228, 54.853098492034334]"
237,2021-08-25,54.853098492034334,11100000,"[-6.483345865248228, 54.853098492034334]"
238,2021-08-26,54.853098492034334,11100000,"[-6.483345865248228, 54.853098492034334]"
239,2021-08-27,54.853098492034334,11100000,"[-6.483345865248228, 54.853098492034334]"
240,2021-08-30,54.853098492034334,11100000,"[-6.483345865248228, 54.853098492034334]"
241,2021-08-31,54.853098492034334,11100000,"[-6.483345865248228, 54.853098492034334]"
242,2021-09-01,54.853098492034334,11100000,"[-6.483345865248228, 54.853098492034334]"
243,2021-09-02,54.853098492034334,11100000,"[-6.483345865248228, 54.853098492034334]"
244,2021-09-03,54.853098492034334,11100000,"[-6.483345865248228, 54.853098492034334]"
245,2021-09-06,54.853098492034334,11100000,"[-6.483345865248228, 54.853098492034334]"
246,2021-09-07,54.853098492034334,11100000,"[-6.483345865248228, 54.853098492034334]"
247,2021-09-08,54.853098492034334,11100000,"[-6.483345865248228, 54.853098492034334]"
248,2021-09-09,54.853098492034334,11100000,"[-6.483345865248228, 54.853098492034334]"
249,2021-09-13,54.853098492034334,11100000,"[-6.483345865248228, 54.853098492034334]"
250,2021-09-14,54.853098492034334,11100000,"[-6.483345865248228, 54.853098492034334]"
251,2021-09-15,54.853098492034334,11100000,"[-6.483345865248228, 54.853098492034334]"
252,2021-09-16,54.853098492034334,11100000,"[-6.483345865248228, 54.853098492034334]"
253,2021-09-17,54.853098492034334,11100000,"[-6.483345865248228, 54.853098492034334]"
254,2021-09-20,54.853098492034334,11100000,"[-6.483345865248228, 54.853098492034334]"
255,2021-09-21,54.853098492034334,11100000,"[-6.483345865248228, 54.853098492034334]"
256,2021-09-22,54.853098492034334,11100000,"[-6.483345865248228, 54.853098492034334]"
257,2021-09-23,54.853098492034334,11100000,"[-6.483345865248228, 54.853098492034334]"
258,2021-09-24,54.853098492034334,11100000,"[-6.483345865248228, 54.853098492034334]"
259,2021-09-27,54.853098492034334,11100000,"[-6.483345865248228, 54.853098492034334]"
260,2021-09-28,54.853098492034334,11100000,"[-6.483345865248228, 54.853098492034334]"
261,2021-09-29,54.853098492034334,11100000,"[-6.483345865248228, 54.853098492034334]"
262,2021-09-30,54.96808736335786,11000000,"[-6.388983929078015, 54.96808736335786]"
263,2021-10-01,54.96808736335786,11000000,"[-6.388983929078015, 54.96808736335786]"
264,2021-10-04,54.96808736335786,11000000,"[-6.388983929078015, 54.96808736335786]"
265,2021-10-05,54.96808736335786,11000000,"[-6.388983929078015, 54.96808736335786]"
266,2021-10-06,54.96808736335786,11000000,"[-6.388983929078015, 54.96808736335786]"
267,2021-10-07,54.96808736335786,11000000,"[-6.388983929078015, 54.96808736335786]"
268,2021-10-08,54.96808736335786,11000000,"[-6.388983929078015, 54.96808736335786]"
269,2021-10-11,54.96808736335786,11000000,"[-6.388983929078015, 54.96808736335786]"
270,2021-10-12,54.96808736335786,11000000,"[-6.388983929078015, 54.96808736335786]"
271,2021-10-13,54.96808736335786,11000000,"[-6.388983929078015, 54.96808736335786]"
272,2021-10-14,54.96808736335786,11000000,"[-6.388983929078015, 54.96808736335786]"
273,2021-10-18,54.96808736335786,11000000,"[-6.388983929078015, 54.96808736335786]"
274,2021-10-19,54.96808736335786,11000000,"[-6.388983929078015, 54.96808736335786]"
275,2021-10-20,54.96808736335786,11000000,"[-6.388983929078015, 54.96808736335786]"
276,2021-10-21,55.06753183026962,10900000,"[-6.2666227322695045, 55.06753183026962]"
277,2021-10-22,55.734464183457725,10700000,"[-6.4705183568840585, 55.734464183457725]"
278,2021-10-25,55.734464183457725,10700000,"[-6.4705183568840585, 55.734464183457725]"
279,2021-10-26,55.8397535864428,10600000,"[-6.383373225000002, 55.8397535864428]"
280,2021-10-27,55.8397535864428,10600000,"[-6.383373225000002, 55.8397535864428]"
281,2021-10-28,55.8397535864428,10600000,"[-6.383373225000002, 55.8397535864428]"
282,2021-10-29,55.8397535864428,10600000,"[-6.383373225000002, 55.8397535864428]"
283,2021-11-01,55.8397535864428,10600000,"[-6.383373225000002, 55.8397535864428]"
284,2021-11-02,55.8397535864428,10600000,"[-6.383373225000002, 55.8397535864428]"
285,2021-11-03,55.8397535864428,10600000,"[-6.383373225000002, 55.8397535864428]"
286,2021-11-04,55.8397535864428,10600000,"[-6.383373225000002, 55.8397535864428]"
287,2021-11-08,55.8397535864428,10600000,"[-6.383373225000002, 55.8397535864428]"
288,2021-11-09,55.8397535864428,10600000,"[-6.383373225000002, 55.8397535864428]"
289,2021-11-10,55.8397535864428,10600000,"[-6.383373225000002, 55.8397535864428]"
290,2021-11-11,55.8397535864428,10600000,"[-6.383373225000002, 55.8397535864428]"
291,2021-11-12,55.8397535864428,10600000,"[-6.383373225000002, 55.8397535864428]"
292,2021-11-15,55.8397535864428,10600000,"[-6.383373225000002, 55.8397535864428]"
293,2021-11-16,55.8397535864428,10600000,"[-6.383373225000002, 55.8397535864428]"
294,2021-11-17,55.8397535864428,10600000,"[-6.383373225000002, 55.8397535864428]"
295,2021-11-18,55.8397535864428,10600000,"[-6.383373225000002, 55.8397535864428]"
296,2021-11-22,55.8397535864428,10600000,"[-6.383373225000002, 55.8397535864428]"
297,2021-11-23,55.39890558017678,10500000,"[-7.088395648387099, 55.39890558017678]"
298,2021-11-24,54.32038650448718,10400000,"[-7.162377386666669, 54.32038650448718]"
299,2021-11-25,54.32038650448718,10400000,"[-7.162377386666669, 54.32038650448718]"
300,2021-11-26,54.32038650448718,10400000,"[-7.162377386666669, 54.32038650448718]"
301,2021-11-29,54.27485092756411,10300000,"[-7.257410348275865, 54.27485092756411]"
302,2021-11-30,55.1508389889323,10100000,"[-7.777184075000003, 55.1508389889323]"
303,2021-12-01,55.58530013476564,10000000,"[-8.442057559259261, 55.58530013476564]"
304,2021-12-02,55.58530013476564,10000000,"[-8.442057559259261, 55.58530013476564]"
305,2021-12-03,55.58530013476564,10000000,"[-8.442057559259261, 55.58530013476564]"
306,2021-12-06,55.58530013476564,10000000,"[-8.442057559259261, 55.58530013476564]"
307,2021-12-07,55.58530013476564,10000000,"[-8.442057559259261, 55.58530013476564]"
308,2021-12-08,55.58530013476564,10000000,"[-8.442057559259261, 55.58530013476564]"
309,2021-12-09,55.58530013476564,10000000,"[-8.442057559259261, 55.58530013476564]"
310,2021-12-10,55.58530013476564,10000000,"[-8.442057559259261, 55.58530013476564]"
311,2021-12-13,55.58530013476564,10000000,"[-8.442057559259261, 55.58530013476564]"
312,2021-12-14,55.699888101562514,9900000,"[-8.29753944814815, 55.699888101562514]"
313,2021-12-15,55.699888101562514,9900000,"[-8.29753944814815, 55.699888101562514]"
314,2021-12-16,55.699888101562514,9900000,"[-8.29753944814815, 55.699888101562514]"
315,2021-12-17,55.699888101562514,9900000,"[-8.29753944814815, 55.699888101562514]"
316,2021-12-20,55.699888101562514,9900000,"[-8.29753944814815, 55.699888101562514]"
317,2021-12-21,55.97728624218751,9700000,"[-8.094758059259261, 55.97728624218751]"
318,2021-12-22,55.97728624218751,9700000,"[-8.094758059259261, 55.97728624218751]"
319,2021-12-23,55.97728624218751,9700000,"[-8.094758059259261, 55.97728624218751]"
320,2021-12-24,55.97728624218751,9700000,"[-8.094758059259261, 55.97728624218751]"
321,2021-12-27,55.97728624218751,9700000,"[-8.094758059259261, 55.97728624218751]"
322,2021-12-28,55.97728624218751,9700000,"[-8.094758059259261, 55.97728624218751]"
323,2021-12-29,55.97728624218751,9700000,"[-8.094758059259261, 55.97728624218751]"
324,2021-12-30,55.97728624218751,9700000,"[-8.094758059259261, 55.97728624218751]"
325,2021-12-31,55.97728624218751,9700000,"[-8.094758059259261, 55.97728624218751]"
326,2022-01-03,55.97728624218751,9700000,"[-8.094758059259261, 55.97728624218751]"
327,2022-01-04,55.97728624218751,9700000,"[-8.094758059259261, 55.97728624218751]"
328,2022-01-05,55.97728624218751,9700000,"[-8.094758059259261, 55.97728624218751]"
329,2022-01-06,55.97728624218751,9700000,"[-8.094758059259261, 55.97728624218751]"
330,2022-01-07,55.97728624218751,9700000,"[-8.094758059259261, 55.97728624218751]"
331,2022-01-10,55.97728624218751,9700000,"[-8.094758059259261, 55.97728624218751]"
332,2022-01-11,55.97728624218751,9700000,"[-8.094758059259261, 55.97728624218751]"
333,2022-01-12,55.97728624218751,9700000,"[-8.094758059259261, 55.97728624218751]"
334,2022-01-13,55.97728624218751,9700000,"[-8.094758059259261, 55.97728624218751]"
335,2022-01-14,55.97728624218751,9700000,"[-8.094758059259261, 55.97728624218751]"
336,2022-01-17,55.97728624218751,9700000,"[-8.094758059259261, 55.97728624218751]"
337,2022-01-18,55.97728624218751,9700000,"[-8.094758059259261, 55.97728624218751]"
338,2022-01-19,55.97728624218751,9700000,"[-8.094758059259261, 55.97728624218751]"
339,2022-01-20,56.47021211904763,9600000,"[-7.987993061538463, 56.47021211904763]"
340,2022-01-21,56.630346376984136,9500000,"[-7.737832784000002, 56.630346376984136]"
341,2022-01-24,56.73006661507938,9400000,"[-7.5586341500000005, 56.73006661507938]"
342,2022-01-25,57.598622441256836,8700000,"[-6.322571422222223, 57.598622441256836]"
343,2022-01-27,57.81354906147542,8600000,"[-6.11964285882353, 57.81354906147542]"
344,2022-01-28,57.81354906147542,8600000,"[-6.11964285882353, 57.81354906147542]"
345,2022-01-31,57.81354906147542,8600000,"[-6.11964285882353, 57.81354906147542]"
346,2022-02-01,57.81354906147542,8600000,"[-6.11964285882353, 57.81354906147542]"
347,2022-02-02,57.81354906147542,8600000,"[-6.11964285882353, 57.81354906147542]"
348,2022-02-03,57.81354906147542,8600000,"[-6.11964285882353, 57.81354906147542]"
349,2022-02-04,57.81354906147542,8600000,"[-6.11964285882353, 57.81354906147542]"
350,2022-02-07,57.88238974180329,8500000,"[-5.657428756250002, 57.88238974180329]"
351,2022-02-08,57.88238974180329,8500000,"[-5.657428756250002, 57.88238974180329]"
352,2022-02-09,57.88238974180329,8500000,"[-5.657428756250002, 57.88238974180329]"
353,2022-02-10,57.88238974180329,8500000,"[-5.657428756250002, 57.88238974180329]"
354,2022-02-11,57.88238974180329,8500000,"[-5.657428756250002, 57.88238974180329]"
355,2022-02-14,57.88238974180329,8500000,"[-5.657428756250002, 57.88238974180329]"
356,2022-02-15,57.98143813524591,8400000,"[-5.683035273333335, 57.98143813524591]"
357,2022-02-16,57.98143813524591,8400000,"[-5.683035273333335, 57.98143813524591]"
358,2022-02-17,57.98143813524591,8400000,"[-5.683035273333335, 57.98143813524591]"
359,2022-02-18,57.98143813524591,8400000,"[-5.683035273333335, 57.98143813524591]"
360,2022-02-21,57.98143813524591,8400000,"[-5.683035273333335, 57.98143813524591]"
361,2022-02-22,58.65295261250001,8200000,"[-5.665480469230772, 58.65295261250001]"
362,2022-02-23,58.597062687500014,8100000,"[-5.1121715083333354, 59.0364995538793]"
363,2022-02-24,58.597062687500014,8100000,"[-5.1121715083333354, 59.0364995538793]"
364,2022-02-25,57.55901643103449,7700000,"[-4.1538897875, 57.55901643103449]"
365,2022-02-28,57.55901643103449,7700000,"[-4.1538897875, 57.55901643103449]"
366,2022-03-02,57.55901643103449,7700000,"[-4.1538897875, 57.55901643103449]"
367,2022-03-03,57.55901643103449,7700000,"[-4.1538897875, 57.55901643103449]"
368,2022-03-04,57.34970576315791,7600000,"[-4.0312064714285745, 57.34970576315791]"
369,2022-03-07,57.00697815454546,7200000,"[-4.156819599999999, 57.00987180896225]"
370,2022-03-08,56.12679198584907,6900000,"[-4.813794407999999, 56.3455812867647]"
371,2022-03-09,56.12679198584907,6900000,"[-4.813794407999999, 56.3455812867647]"
372,2022-03-10,56.12679198584907,6900000,"[-4.813794407999999, 56.3455812867647]"
373,2022-03-11,56.12679198584907,6900000,"[-4.813794407999999, 56.3455812867647]"
374,2022-03-14,54.439507379807694,6800000,"[-5.712400000000009, 54.95383111249999]"
375,2022-03-15,54.439507379807694,6800000,"[-5.712400000000009, 54.95383111249999]"
376,2022-03-16,54.439507379807694,6800000,"[-5.712400000000009, 54.95383111249999]"
377,2022-03-17,54.439507379807694,6800000,"[-5.712400000000009, 54.95383111249999]"
378,2022-03-21,54.439507379807694,6800000,"[-5.712400000000009, 54.95383111249999]"
379,2022-03-22,54.439507379807694,6800000,"[-5.712400000000009, 54.95383111249999]"
380,2022-03-23,54.439507379807694,6800000,"[-5.712400000000009, 54.95383111249999]"
381,2022-03-24,54.439507379807694,6800000,"[-5.712400000000009, 54.95383111249999]"
382,2022-03-25,54.439507379807694,6800000,"[-5.712400000000009, 54.95383111249999]"
383,2022-03-28,54.439507379807694,6800000,"[-5.712400000000009, 54.95383111249999]"
384,2022-03-29,54.439507379807694,6800000,"[-5.712400000000009, 54.95383111249999]"
385,2022-03-30,54.439507379807694,6800000,"[-5.712400000000009, 54.95383111249999]"
386,2022-03-31,54.439507379807694,6800000,"[-5.712400000000009, 54.95383111249999]"
387,2022-04-01,54.439507379807694,6800000,"[-5.712400000000009, 54.95383111249999]"
388,2022-04-04,54.439507379807694,6800000,"[-5.712400000000009, 54.95383111249999]"
389,2022-04-05,54.439507379807694,6800000,"[-5.712400000000009, 54.95383111249999]"
390,2022-04-06,54.439507379807694,6800000,"[-5.712400000000009, 54.95383111249999]"
391,2022-04-07,54.439507379807694,6800000,"[-5.712400000000009, 54.95383111249999]"
392,2022-04-08,54.439507379807694,6800000,"[-5.712400000000009, 54.95383111249999]"
393,2022-04-11,54.439507379807694,6800000,"[-5.712400000000009, 54.95383111249999]"
394,2022-04-12,54.439507379807694,6800000,"[-5.712400000000009, 54.95383111249999]"
395,2022-04-13,54.439507379807694,6800000,"[-5.712400000000009, 54.95383111249999]"
396,2022-04-18,54.439507379807694,6800000,"[-5.712400000000009, 54.95383111249999]"
397,2022-04-19,54.439507379807694,6800000,"[-5.712400000000009, 54.95383111249999]"
398,2022-04-20,54.439507379807694,6800000,"[-5.712400000000009, 54.95383111249999]"
399,2022-04-21,54.439507379807694,6800000,"[-5.712400000000009, 54.95383111249999]"
400,2022-04-22,54.439507379807694,6800000,"[-5.712400000000009, 54.95383111249999]"
401,2022-04-25,54.439507379807694,6800000,"[-5.712400000000009, 54.95383111249999]"
402,2022-04-26,54.84087752403847,6700000,"[-3.6742463999999986, 55.37723611249999]"
403,2022-04-27,54.84087752403847,6700000,"[-3.6742463999999986, 55.37723611249999]"
404,2022-04-28,54.84087752403847,6700000,"[-3.6742463999999986, 55.37723611249999]"
405,2022-04-29,54.84087752403847,6700000,"[-3.6742463999999986, 55.37723611249999]"
406,2022-05-02,54.84087752403847,6700000,"[-3.6742463999999986, 55.37723611249999]"
407,2022-05-04,54.84087752403847,6700000,"[-3.6742463999999986, 55.37723611249999]"
408,2022-05-05,55.12487870673077,6600000,"[-3.3159437818181816, 55.6899755925]"
409,2022-05-06,55.38453745673077,6500000,"[-3.0298391999999996, 55.949049992499994]"
410,2022-05-09,55.641179460784315,6300000,"[-2.709129999999999, 56.188157237244894]"
411,2022-05-10,55.850615617647065,6200000,"[-2.8688408333333317, 56.39585805867346]"
412,2022-05-11,55.45640582653061,6000000,"[-3.6932226562499992, 56.04018661436171]"
413,2022-05-12,54.89943376562499,5700000,"[-3.4083371153846134, 55.960050831521755]"
414,2022-05-13,55.569347562500006,5300000,"[-4.560112166666663, 56.45258029166666]"
415,2022-05-16,56.23864052906977,5200000,"[-2.6455174374999966, 57.33570361585365]"
416,2022-05-17,56.23864052906977,5200000,"[-2.6455174374999966, 57.33570361585365]"
417,2022-05-18,56.23864052906977,5200000,"[-2.6455174374999966, 57.33570361585365]"
418,2022-05-19,56.23864052906977,5200000,"[-2.6455174374999966, 57.33570361585365]"
419,2022-05-20,56.08253395930233,5100000,"[-2.6710443571428533, 57.15501562804878]"
420,2022-05-23,56.08253395930233,5100000,"[-2.6710443571428533, 57.15501562804878]"
421,2022-05-24,56.08253395930233,5100000,"[-2.6710443571428533, 57.15501562804878]"
422,2022-05-25,54.17770617682925,4900000,"[-1.5397996999999974, 55.27170191666664]"
423,2022-05-26,52.068419206249985,4700000,"[-1.507101876470587, 53.644763486842095]"
424,2022-05-27,51.24524994230768,4600000,"[-3.9157839999999924, 53.171029945945946]"
425,2022-05-30,51.24524994230768,4600000,"[-3.9157839999999924, 53.171029945945946]"
426,2022-05-31,51.24524994230768,4600000,"[-3.9157839999999924, 53.171029945945946]"
427,2022-06-01,51.24524994230768,4600000,"[-3.9157839999999924, 53.171029945945946]"
428,2022-06-02,51.24524994230768,4600000,"[-3.9157839999999924, 53.171029945945946]"
429,2022-06-03,51.24524994230768,4600000,"[-3.9157839999999924, 53.171029945945946]"
430,2022-06-06,51.24524994230768,4600000,"[-3.9157839999999924, 53.171029945945946]"
431,2022-06-07,51.24524994230768,4600000,"[-3.9157839999999924, 53.171029945945946]"
432,2022-06-08,51.24524994230768,4600000,"[-3.9157839999999924, 53.171029945945946]"
433,2022-06-09,51.37424492307691,4500000,"[-2.2906000000000057, 53.310153472972964]"
434,2022-06-10,51.37424492307691,4500000,"[-2.2906000000000057, 53.310153472972964]"
435,2022-06-13,51.37424492307691,4500000,"[-2.2906000000000057, 53.310153472972964]"
436,2022-06-14,51.37424492307691,4500000,"[-2.2906000000000057, 53.310153472972964]"
437,2022-06-15,51.37424492307691,4500000,"[-2.2906000000000057, 53.310153472972964]"
438,2022-06-16,51.37424492307691,4500000,"[-2.2906000000000057, 53.310153472972964]"
439,2022-06-17,51.37424492307691,4500000,"[-2.2906000000000057, 53.310153472972964]"
440,2022-06-20,52.10643649999999,4400000,"[-2.2694538374999986, 54.079975041666664]"
441,2022-06-21,50.269779810810796,4200000,"[-3.559082226666666, 52.30038547142856]"
442,2022-06-22,50.269779810810796,4200000,"[-3.559082226666666, 52.30038547142856]"
443,2022-06-23,50.48846890277776,4100000,"[-3.928534162068965, 52.63026557352939]"
444,2022-06-24,50.48846890277776,4100000,"[-3.928534162068965, 52.63026557352939]"
445,2022-06-27,50.48846890277776,4100000,"[-3.928534162068965, 52.63026557352939]"
446,2022-06-28,50.48846890277776,4100000,"[-3.928534162068965, 52.63026557352939]"
447,2022-06-29,50.48846890277776,4100000,"[-3.928534162068965, 52.63026557352939]"
448,2022-06-30,50.48846890277776,4100000,"[-3.928534162068965, 52.63026557352939]"
449,2022-07-01,48.699752371428566,4000000,"[-5.309368864285715, 50.97510472727271]"
450,2022-07-04,48.699752371428566,4000000,"[-5.309368864285715, 50.97510472727271]"
451,2022-07-05,48.699752371428566,4000000,"[-5.309368864285715, 50.97510472727271]"
452,2022-07-06,48.699752371428566,4000000,"[-5.309368864285715, 50.97510472727271]"
453,2022-07-07,45.53523120588234,3900000,"[-6.0776897499999984, 47.95152206249999]"
454,2022-07-08,45.53523120588234,3900000,"[-6.0776897499999984, 47.95152206249999]"
455,2022-07-11,45.53523120588234,3900000,"[-6.0776897499999984, 47.95152206249999]"
456,2022-07-12,45.53523120588234,3900000,"[-6.0776897499999984, 47.95152206249999]"
457,2022-07-13,45.53523120588234,3900000,"[-6.0776897499999984, 47.95152206249999]"
458,2022-07-14,45.53523120588234,3900000,"[-6.0776897499999984, 47.95152206249999]"
459,2022-07-15,45.53523120588234,3900000,"[-6.0776897499999984, 47.95152206249999]"
460,2022-07-18,45.53523120588234,3900000,"[-6.0776897499999984, 47.95152206249999]"
461,2022-07-19,45.53523120588234,3900000,"[-6.0776897499999984, 47.95152206249999]"
462,2022-07-20,45.53523120588234,3900000,"[-6.0776897499999984, 47.95152206249999]"
463,2022-07-21,45.53523120588234,3900000,"[-6.0776897499999984, 47.95152206249999]"
464,2022-07-22,45.53523120588234,3900000,"[-6.0776897499999984, 47.95152206249999]"
465,2022-07-25,45.53523120588234,3900000,"[-6.0776897499999984, 47.95152206249999]"
466,2022-07-26,45.53523120588234,3900000,"[-6.0776897499999984, 47.95152206249999]"
467,2022-07-27,45.53523120588234,3900000,"[-6.0776897499999984, 47.95152206249999]"
468,2022-07-28,45.53523120588234,3900000,"[-6.0776897499999984, 47.95152206249999]"
469,2022-07-29,45.53523120588234,3900000,"[-6.0776897499999984, 47.95152206249999]"
470,2022-08-01,45.53523120588234,3900000,"[-6.0776897499999984, 47.95152206249999]"
471,2022-08-02,45.53523120588234,3900000,"[-6.0776897499999984, 47.95152206249999]"
472,2022-08-03,45.53523120588234,3900000,"[-6.0776897499999984, 47.95152206249999]"
473,2022-08-04,45.53523120588234,3900000,"[-6.0776897499999984, 47.95152206249999]"
474,2022-08-05,45.53523120588234,3900000,"[-6.0776897499999984, 47.95152206249999]"
475,2022-08-08,45.53523120588234,3900000,"[-6.0776897499999984, 47.95152206249999]"
476,2022-08-10,45.53523120588234,3900000,"[-6.0776897499999984, 47.95152206249999]"
477,2022-08-11,45.53523120588234,3900000,"[-6.0776897499999984, 47.95152206249999]"
478,2022-08-12,45.53523120588234,3900000,"[-6.0776897499999984, 47.95152206249999]"
479,2022-08-16,45.53523120588234,3900000,"[-6.0776897499999984, 47.95152206249999]"
480,2022-08-17,45.53523120588234,3900000,"[-6.0776897499999984, 47.95152206249999]"
481,2022-08-18,45.53523120588234,3900000,"[-6.0776897499999984, 47.95152206249999]"
482,2022-08-19,45.53523120588234,3900000,"[-6.0776897499999984, 47.95152206249999]"
483,2022-08-22,45.53523120588234,3900000,"[-6.0776897499999984, 47.95152206249999]"
484,2022-08-23,45.53523120588234,3900000,"[-6.0776897499999984, 47.95152206249999]"
485,2022-08-24,45.53523120588234,3900000,"[-6.0776897499999984, 47.95152206249999]"
486,2022-08-25,45.53523120588234,3900000,"[-6.0776897499999984, 47.95152206249999]"
487,2022-08-26,45.53523120588234,3900000,"[-6.0776897499999984, 47.95152206249999]"
488,2022-08-29,45.53523120588234,3900000,"[-6.0776897499999984, 47.95152206249999]"
489,2022-08-30,45.53523120588234,3900000,"[-6.0776897499999984, 47.95152206249999]"
490,2022-09-01,45.53523120588234,3900000,"[-6.0776897499999984, 47.95152206249999]"
491,2022-09-02,45.53523120588234,3900000,"[-6.0776897499999984, 47.95152206249999]"
492,2022-09-05,45.53523120588234,3900000,"[-6.0776897499999984, 47.95152206249999]"
493,2022-09-06,45.53523120588234,3900000,"[-6.0776897499999984, 47.95152206249999]"
494,2022-09-07,45.53523120588234,3900000,"[-6.0776897499999984, 47.95152206249999]"
495,2022-09-08,45.53523120588234,3900000,"[-6.0776897499999984, 47.95152206249999]"
496,2022-09-09,45.53523120588234,3900000,"[-6.0776897499999984, 47.95152206249999]"
497,2022-09-12,45.53523120588234,3900000,"[-6.0776897499999984, 47.95152206249999]"
498,2022-09-13,45.53523120588234,3900000,"[-6.0776897499999984, 47.95152206249999]"
499,2022-09-14,45.53523120588234,3900000,"[-6.0776897499999984, 47.95152206249999]"
500,2022-09-15,45.53523120588234,3900000,"[-6.0776897499999984, 47.95152206249999]"
501,2022-09-16,45.53523120588234,3900000,"[-6.0776897499999984, 47.95152206249999]"
502,2022-09-19,45.53523120588234,3900000,"[-6.0776897499999984, 47.95152206249999]"
503,2022-09-20,45.53523120588234,3900000,"[-6.0776897499999984, 47.95152206249999]"
504,2022-09-21,45.53523120588234,3900000,"[-6.0776897499999984, 47.95152206249999]"
505,2022-09-22,45.53523120588234,3900000,"[-6.0776897499999984, 47.95152206249999]"
506,2022-09-23,45.53523120588234,3900000,"[-6.0776897499999984, 47.95152206249999]"
507,2022-09-26,45.53523120588234,3900000,"[-6.0776897499999984, 47.95152206249999]"
508,2022-09-27,45.53523120588234,3900000,"[-6.0776897499999984, 47.95152206249999]"
509,2022-09-28,45.53523120588234,3900000,"[-6.0776897499999984, 47.95152206249999]"
510,2022-09-29,45.53523120588234,3900000,"[-6.0776897499999984, 47.95152206249999]"
511,2022-09-30,45.53523120588234,3900000,"[-6.0776897499999984, 47.95152206249999]"
512,2022-10-03,45.53523120588234,3900000,"[-6.0776897499999984, 47.95152206249999]"
513,2022-10-04,45.53523120588234,3900000,"[-6.0776897499999984, 47.95152206249999]"
514,2022-10-06,45.53523120588234,3900000,"[-6.0776897499999984, 47.95152206249999]"
515,2022-10-07,45.53523120588234,3900000,"[-6.0776897499999984, 47.95152206249999]"
516,2022-10-10,45.53523120588234,3900000,"[-6.0776897499999984, 47.95152206249999]"
517,2022-10-11,45.53523120588234,3900000,"[-6.0776897499999984, 47.95152206249999]"
518,2022-10-12,45.53523120588234,3900000,"[-6.0776897499999984, 47.95152206249999]"
519,2022-10-13,45.53523120588234,3900000,"[-6.0776897499999984, 47.95152206249999]"
520,2022-10-14,45.53523120588234,3900000,"[-6.0776897499999984, 47.95152206249999]"
521,2022-10-17,45.53523120588234,3900000,"[-6.0776897499999984, 47.95152206249999]"
522,2022-10-18,45.53523120588234,3900000,"[-6.0776897499999984, 47.95152206249999]"
523,2022-10-19,45.53523120588234,3900000,"[-6.0776897499999984, 47.95152206249999]"
524,2022-10-20,45.81496099999999,3800000,"[-5.152050229411768, 48.227563453124986]"
525,2022-10-21,45.81496099999999,3800000,"[-5.152050229411768, 48.227563453124986]"
526,2022-10-24,45.81496099999999,3800000,"[-5.152050229411768, 48.227563453124986]"
527,2022-10-25,46.333051838235285,3700000,"[-4.826992806250003, 48.692810234374996]"
528,2022-10-27,46.333051838235285,3700000,"[-4.826992806250003, 48.692810234374996]"
529,2022-10-28,46.77307886363636,3600000,"[-5.317801590909091, 49.168375145161285]"
530,2022-10-31,46.77307886363636,3600000,"[-5.317801590909091, 49.168375145161285]"
531,2022-11-01,46.77307886363636,3600000,"[-5.317801590909091, 49.168375145161285]"
532,2022-11-02,46.77307886363636,3600000,"[-5.317801590909091, 49.168375145161285]"
533,2022-11-03,46.77307886363636,3600000,"[-5.317801590909091, 49.168375145161285]"
534,2022-11-04,46.77307886363636,3600000,"[-5.317801590909091, 49.168375145161285]"
535,2022-11-07,46.77307886363636,3600000,"[-5.317801590909091, 49.168375145161285]"
536,2022-11-09,46.77307886363636,3600000,"[-5.317801590909091, 49.168375145161285]"
537,2022-11-10,46.77307886363636,3600000,"[-5.317801590909091, 49.168375145161285]"
538,2022-11-11,46.77307886363636,3600000,"[-5.317801590909091, 49.168375145161285]"
539,2022-11-14,46.77307886363636,3600000,"[-5.317801590909091, 49.168375145161285]"
540,2022-11-15,46.77307886363636,3600000,"[-5.317801590909091, 49.168375145161285]"
541,2022-11-16,46.77307886363636,3600000,"[-5.317801590909091, 49.168375145161285]"
542,2022-11-17,46.77307886363636,3600000,"[-5.317801590909091, 49.168375145161285]"
543,2022-11-18,46.77307886363636,3600000,"[-5.317801590909091, 49.168375145161285]"
544,2022-11-21,46.77307886363636,3600000,"[-5.317801590909091, 49.168375145161285]"
545,2022-11-22,46.77307886363636,3600000,"[-5.317801590909091, 49.168375145161285]"
546,2022-11-23,46.77307886363636,3600000,"[-5.317801590909091, 49.168375145161285]"
547,2022-11-24,46.77307886363636,3600000,"[-5.317801590909091, 49.168375145161285]"
548,2022-11-25,46.77307886363636,3600000,"[-5.317801590909091, 49.168375145161285]"
549,2022-11-28,46.77307886363636,3600000,"[-5.317801590909091, 49.168375145161285]"
550,2022-11-29,46.77307886363636,3600000,"[-5.317801590909091, 49.168375145161285]"
551,2022-11-30,46.77307886363636,3600000,"[-5.317801590909091, 49.168375145161285]"
552,2022-12-01,46.77307886363636,3600000,"[-5.317801590909091, 49.168375145161285]"
553,2022-12-02,46.77307886363636,3600000,"[-5.317801590909091, 49.168375145161285]"
554,2022-12-05,46.77307886363636,3600000,"[-5.317801590909091, 49.168375145161285]"
555,2022-12-06,46.77307886363636,3600000,"[-5.317801590909091, 49.168375145161285]"
556,2022-12-07,46.77307886363636,3600000,"[-5.317801590909091, 49.168375145161285]"
557,2022-12-08,46.77307886363636,3600000,"[-5.317801590909091, 49.168375145161285]"
558,2022-12-09,46.77307886363636,3600000,"[-5.317801590909091, 49.168375145161285]"
559,2022-12-12,46.77307886363636,3600000,"[-5.317801590909091, 49.168375145161285]"
560,2022-12-13,46.77307886363636,3600000,"[-5.317801590909091, 49.168375145161285]"
561,2022-12-14,46.77307886363636,3600000,"[-5.317801590909091, 49.168375145161285]"
562,2022-12-15,46.77307886363636,3600000,"[-5.317801590909091, 49.168375145161285]"
563,2022-12-16,46.77307886363636,3600000,"[-5.317801590909091, 49.168375145161285]"
564,2022-12-19,46.77307886363636,3600000,"[-5.317801590909091, 49.168375145161285]"
565,2022-12-20,46.77307886363636,3600000,"[-5.317801590909091, 49.168375145161285]"
566,2022-12-21,46.77307886363636,3600000,"[-5.317801590909091, 49.168375145161285]"
567,2022-12-22,46.77307886363636,3600000,"[-5.317801590909091, 49.168375145161285]"
568,2022-12-23,48.42461257812499,3500000,"[-5.80758175, 50.88945431666666]"
569,2022-12-26,48.42461257812499,3500000,"[-5.80758175, 50.88945431666666]"
570,2022-12-27,48.42461257812499,3500000,"[-5.80758175, 50.88945431666666]"
571,2022-12-28,48.42461257812499,3500000,"[-5.80758175, 50.88945431666666]"
572,2022-12-29,48.42461257812499,3500000,"[-5.80758175, 50.88945431666666]"
573,2022-12-30,48.42461257812499,3500000,"[-5.80758175, 50.88945431666666]"
574,2023-01-02,48.42461257812499,3500000,"[-5.80758175, 50.88945431666666]"
575,2023-01-03,48.42461257812499,3500000,"[-5.80758175, 50.88945431666666]"
576,2023-01-04,48.42461257812499,3500000,"[-5.80758175, 50.88945431666666]"
577,2023-01-05,48.42461257812499,3500000,"[-5.80758175, 50.88945431666666]"
578,2023-01-06,48.82522912903225,3400000,"[-6.290259, 51.112401258620686]"
579,2023-01-09,48.82522912903225,3400000,"[-6.290259, 51.112401258620686]"
580,2023-01-10,48.82522912903225,3400000,"[-6.290259, 51.112401258620686]"
581,2023-01-11,48.82522912903225,3400000,"[-6.290259, 51.112401258620686]"
582,2023-01-12,48.82522912903225,3400000,"[-6.290259, 51.112401258620686]"
583,2023-01-13,48.82522912903225,3400000,"[-6.290259, 51.112401258620686]"
584,2023-01-16,48.82522912903225,3400000,"[-6.290259, 51.112401258620686]"
585,2023-01-17,48.82522912903225,3400000,"[-6.290259, 51.112401258620686]"
586,2023-01-18,48.82522912903225,3400000,"[-6.290259, 51.112401258620686]"
587,2023-01-19,48.82522912903225,3400000,"[-6.290259, 51.112401258620686]"
588,2023-01-20,38.891019566666664,3300000,"[-6.681253937500001, 41.1358052857143]"
589,2023-01-23,38.891019566666664,3300000,"[-6.681253937500001, 41.1358052857143]"
590,2023-01-24,40.041252310344824,3200000,"[-7.466221500000003, 42.31009455555556]"
591,2023-01-25,40.041252310344824,3200000,"[-7.466221500000003, 42.31009455555556]"
592,2023-01-27,41.211185928571425,3000000,"[-10.405520000000003, 43.279552788461544]"
593,2023-01-30,38.41758730769231,2700000,"[-2.1839999999999997, 40.005915020833335]"
594,2023-01-31,38.274290799999996,2600000,"[-1.2270643250000002, 39.8235635]"
595,2023-02-01,38.274290799999996,2600000,"[-1.2270643250000002, 39.8235635]"
596,2023-02-02,38.274290799999996,2600000,"[-1.2270643250000002, 39.8235635]"
597,2023-02-03,38.34671284,2500000,"[-0.5468686133333336, 39.9054185]"
598,2023-02-06,41.93818088095238,2100000,"[-1.40935468181818, 43.13520563157895]"
599,2023-02-07,41.93818088095238,2100000,"[-1.40935468181818, 43.13520563157895]"
600,2023-02-08,41.93818088095238,2100000,"[-1.40935468181818, 43.13520563157895]"
601,2023-02-09,41.93818088095238,2100000,"[-1.40935468181818, 43.13520563157895]"
602,2023-02-10,41.93818088095238,2100000,"[-1.40935468181818, 43.13520563157895]"
603,2023-02-13,41.93818088095238,2100000,"[-1.40935468181818, 43.13520563157895]"
604,2023-02-14,41.93818088095238,2100000,"[-1.40935468181818, 43.13520563157895]"
605,2023-02-15,41.93818088095238,2100000,"[-1.40935468181818, 43.13520563157895]"
606,2023-02-16,41.93818088095238,2100000,"[-1.40935468181818, 43.13520563157895]"
607,2023-02-17,41.93818088095238,2100000,"[-1.40935468181818, 43.13520563157895]"
608,2023-02-20,41.93818088095238,2100000,"[-1.40935468181818, 43.13520563157895]"
609,2023-02-21,41.93818088095238,2100000,"[-1.40935468181818, 43.13520563157895]"
610,2023-02-22,41.93818088095238,2100000,"[-1.40935468181818, 43.13520563157895]"
611,2023-02-23,41.93818088095238,2100000,"[-1.40935468181818, 43.13520563157895]"
612,2023-02-24,41.93818088095238,2100000,"[-1.40935468181818, 43.13520563157895]"
613,2023-02-27,41.93818088095238,2100000,"[-1.40935468181818, 43.13520563157895]"
614,2023-02-28,41.817839925,2000000,"[-1.394790149999998, 42.72355038888889]"
615,2023-03-01,41.817839925,2000000,"[-1.394790149999998, 42.72355038888889]"
616,2023-03-02,41.817839925,2000000,"[-1.394790149999998, 42.72355038888889]"
617,2023-03-03,41.817839925,2000000,"[-1.394790149999998, 42.72355038888889]"
618,2023-03-06,41.817839925,2000000,"[-1.394790149999998, 42.72355038888889]"
619,2023-03-08,41.817839925,2000000,"[-1.394790149999998, 42.72355038888889]"
620,2023-03-09,41.817839925,2000000,"[-1.394790149999998, 42.72355038888889]"
621,2023-03-10,41.817839925,2000000,"[-1.394790149999998, 42.72355038888889]"
622,2023-03-13,41.817839925,2000000,"[-1.394790149999998, 42.72355038888889]"
623,2023-03-14,41.817839925,2000000,"[-1.394790149999998, 42.72355038888889]"
624,2023-03-15,41.92052918421052,1900000,"[-1.6142410555555529, 42.99846911764706]"
625,2023-03-16,38.10145691666666,1800000,"[-1.7068218124999968, 39.0612783125]"
626,2023-03-17,38.10145691666666,1800000,"[-1.7068218124999968, 39.0612783125]"
627,2023-03-20,38.10145691666666,1800000,"[-1.7068218124999968, 39.0612783125]"
628,2023-03-21,39.7835279117647,1700000,"[-1.418510642857139, 40.4545302]"
629,2023-03-22,39.7835279117647,1700000,"[-1.418510642857139, 40.4545302]"
630,2023-03-23,39.7835279117647,1700000,"[-1.418510642857139, 40.4545302]"
631,2023-03-24,39.7835279117647,1700000,"[-1.418510642857139, 40.4545302]"
632,2023-03-27,33.11234228125,1600000,"[-1.6164444166666627, 35.60445692857142]"
633,2023-03-28,34.43522167857143,1400000,"[-1.2821261249999916, 37.09840758333333]"
634,2023-03-29,25.39628905,1000000,"[-2.128, 29.85184912499999]"
635,2023-03-31,25.39628905,1000000,"[-2.128, 29.85184912499999]"
636,2023-04-03,25.39628905,1000000,"[-2.128, 29.85184912499999]"
637,2023-04-05,25.39628905,1000000,"[-2.128, 29.85184912499999]"
638,2023-04-06,25.39628905,1000000,"[-2.128, 29.85184912499999]"
639,2023-04-10,25.39628905,1000000,"[-2.128, 29.85184912499999]"
640,2023-04-11,25.39628905,1000000,"[-2.128, 29.85184912499999]"
641,2023-04-12,25.39628905,1000000,"[-2.128, 29.85184912499999]"
642,2023-04-13,25.39628905,1000000,"[-2.128, 29.85184912499999]"
643,2023-04-17,25.39628905,1000000,"[-2.128, 29.85184912499999]"
644,2023-04-18,24.5656545,900000,"[-0.37, 29.75582757142856]"
645,2023-04-19,24.5656545,900000,"[-0.37, 29.75582757142856]"
646,2023-04-20,24.5656545,900000,"[-0.37, 29.75582757142856]"
647,2023-04-21,24.5656545,900000,"[-0.37, 29.75582757142856]"
648,2023-04-24,23.465736312500006,800000,"[-2.3698700000000024, 29.436723416666663]"
649,2023-04-25,23.465736312500006,800000,"[-2.3698700000000024, 29.436723416666663]"
650,2023-04-26,23.465736312500006,800000,"[-2.3698700000000024, 29.436723416666663]"
651,2023-04-27,23.465736312500006,800000,"[-2.3698700000000024, 29.436723416666663]"
652,2023-04-28,23.465736312500006,800000,"[-2.3698700000000024, 29.436723416666663]"
653,2023-05-02,23.465736312500006,800000,"[-2.3698700000000024, 29.436723416666663]"
654,2023-05-03,15.22854121428571,700000,"[-5.769544000000009, 16.902273249999997]"
655,2023-05-04,15.22854121428571,700000,"[-5.769544000000009, 16.902273249999997]"
656,2023-05-05,15.22854121428571,700000,"[-5.769544000000009, 16.902273249999997]"
657,2023-05-08,15.22854121428571,700000,"[-5.769544000000009, 16.902273249999997]"
658,2023-05-09,15.22854121428571,700000,"[-5.769544000000009, 16.902273249999997]"
659,2023-05-10,15.22854121428571,700000,"[-5.769544000000009, 16.902273249999997]"
660,2023-05-11,13.509070083333329,600000,"[0, 20.591487]"
661,2023-05-12,13.509070083333329,600000,"[0, 20.591487]"
662,2023-05-15,13.509070083333329,600000,"[0, 20.591487]"
663,2023-05-16,13.509070083333329,600000,"[0, 20.591487]"
664,2023-05-17,13.509070083333329,600000,"[0, 20.591487]"
665,2023-05-18,13.509070083333329,600000,"[0, 20.591487]"
666,2023-05-19,13.509070083333329,600000,"[0, 20.591487]"
667,2023-05-22,13.509070083333329,600000,"[0, 20.591487]"
668,2023-05-23,13.509070083333329,600000,"[0, 20.591487]"
669,2023-05-24,13.509070083333329,600000,"[0, 20.591487]"
670,2023-05-25,13.509070083333329,600000,"[0, 20.591487]"
671,2023-05-26,13.509070083333329,600000,"[4.540280624999999, 20.591487]"
672,2023-05-29,14.867218899999997,500000,"[-0.9109720000000089, 20.173381999999986]"
673,2023-05-30,14.867218899999997,500000,"[-0.9109720000000089, 20.173381999999986]"
674,2023-05-31,14.867218899999997,500000,"[-0.9109720000000089, 20.173381999999986]"
675,2023-06-01,14.867218899999997,500000,"[-0.9109720000000089, 20.173381999999986]"
676,2023-06-02,14.648130375000003,400000,"[-3.1409199999999986, 22.689759499999976]"
677,2023-06-05,14.648130375000003,400000,"[-3.1409199999999986, 22.689759499999976]"
678,2023-06-06,14.648130375000003,400000,"[-3.1409199999999986, 22.689759499999976]"
679,2023-06-07,14.648130375000003,400000,"[-3.1409199999999986, 22.689759499999976]"
680,2023-06-08,14.648130375000003,400000,"[-3.1409199999999986, 22.689759499999976]"
681,2023-06-09,14.648130375000003,400000,"[-3.1409199999999986, 22.689759499999976]"
682,2023-06-12,14.648130375000003,400000,"[-3.1409199999999986, 22.689759499999976]"
683,2023-06-13,14.648130375000003,400000,"[-3.1409199999999986, 22.689759499999976]"
684,2023-06-14,14.648130375000003,400000,"[-3.1409199999999986, 22.689759499999976]"
685,2023-06-15,14.648130375000003,400000,"[-3.1409199999999986, 22.689759499999976]"
686,2023-06-16,14.648130375000003,400000,"[-3.1409199999999986, 22.689759499999976]"
687,2023-06-19,14.648130375000003,400000,"[-3.1409199999999986, 22.689759499999976]"
688,2023-06-20,14.648130375000003,400000,"[-3.1409199999999986, 22.689759499999976]"
689,2023-06-21,14.648130375000003,400000,"[-3.1409199999999986, 22.689759499999976]"
690,2023-06-22,14.648130375000003,400000,"[-3.1409199999999986, 22.689759499999976]"
691,2023-06-23,14.648130375000003,400000,"[-3.1409199999999986, 22.689759499999976]"
692,2023-06-26,14.648130375000003,400000,"[-3.1409199999999986, 22.689759499999976]"
693,2023-06-27,14.648130375000003,400000,"[-3.1409199999999986, 22.689759499999976]"
694,2023-06-28,14.648130375000003,400000,"[-3.1409199999999986, 22.689759499999976]"
695,2023-06-30,14.648130375000003,400000,"[-3.1409199999999986, 22.689759499999976]"
696,2023-07-03,14.648130375000003,400000,"[-3.1409199999999986, 22.689759499999976]"
697,2023-07-04,14.648130375000003,400000,"[-3.1409199999999986, 22.689759499999976]"
698,2023-07-05,14.648130375000003,400000,"[-3.1409199999999986, 22.689759499999976]"
699,2023-07-06,14.648130375000003,400000,"[-3.1409199999999986, 22.689759499999976]"
700,2023-07-07,14.648130375000003,400000,"[-3.1409199999999986, 22.689759499999976]"
701,2023-07-10,14.648130375000003,400000,"[-3.1409199999999986, 22.689759499999976]"
702,2023-07-11,14.648130375000003,400000,"[-3.1409199999999986, 22.689759499999976]"
703,2023-07-12,14.648130375000003,400000,"[-3.1409199999999986, 22.689759499999976]"
704,2023-07-13,14.648130375000003,400000,"[-3.1409199999999986, 22.689759499999976]"
705,2023-07-14,14.648130375000003,400000,"[-3.1409199999999986, 22.689759499999976]"
706,2023-07-17,14.648130375000003,400000,"[-3.1409199999999986, 22.689759499999976]"
707,2023-07-18,14.648130375000003,400000,"[-3.1409199999999986, 22.689759499999976]"
708,2023-07-19,14.648130375000003,400000,"[-3.1409199999999986, 22.689759499999976]"
709,2023-07-20,14.648130375000003,400000,"[-3.1409199999999986, 22.689759499999976]"
710,2023-07-21,14.648130375000003,400000,"[-3.1409199999999986, 22.689759499999976]"
711,2023-07-24,14.648130375000003,400000,"[-3.1409199999999986, 22.689759499999976]"
712,2023-07-25,14.648130375000003,400000,"[-3.1409199999999986, 22.689759499999976]"
713,2023-07-26,14.648130375000003,400000,"[-3.1409199999999986, 22.689759499999976]"
714,2023-07-27,14.648130375000003,400000,"[-3.1409199999999986, 22.689759499999976]"
715,2023-07-28,14.648130375000003,400000,"[-3.1409199999999986, 22.689759499999976]"
716,2023-07-31,14.648130375000003,400000,"[-3.1409199999999986, 22.689759499999976]"
717,2023-08-01,14.648130375000003,400000,"[-3.1409199999999986, 22.689759499999976]"
718,2023-08-02,14.648130375000003,400000,"[-3.1409199999999986, 22.689759499999976]"
719,2023-08-03,14.648130375000003,400000,"[-3.1409199999999986, 22.689759499999976]"
720,2023-08-04,14.648130375000003,400000,"[-3.1409199999999986, 22.689759499999976]"
721,2023-08-07,14.648130375000003,400000,"[-3.1409199999999986, 22.689759499999976]"
722,2023-08-08,14.648130375000003,400000,"[-3.1409199999999986, 22.689759499999976]"
723,2023-08-09,14.648130375000003,400000,"[-3.1409199999999986, 22.689759499999976]"
724,2023-08-10,14.648130375000003,400000,"[-3.1409199999999986, 22.689759499999976]"
725,2023-08-11,14.648130375000003,400000,"[-3.1409199999999986, 22.689759499999976]"
726,2023-08-14,14.648130375000003,400000,"[-3.1409199999999986, 22.689759499999976]"
727,2023-08-16,14.648130375000003,400000,"[-3.1409199999999986, 22.689759499999976]"
728,2023-08-17,14.648130375000003,400000,"[-3.1409199999999986, 22.689759499999976]"
729,2023-08-18,14.648130375000003,400000,"[-3.1409199999999986, 22.689759499999976]"
730,2023-08-21,14.648130375000003,400000,"[-3.1409199999999986, 22.689759499999976]"
731,2023-08-22,14.648130375000003,400000,"[-3.1409199999999986, 22.689759499999976]"
732,2023-08-23,14.648130375000003,400000,"[-3.1409199999999986, 22.689759499999976]"
733,2023-08-24,14.648130375000003,400000,"[-3.1409199999999986, 22.689759499999976]"
734,2023-08-25,14.648130375000003,400000,"[-3.1409199999999986, 22.689759499999976]"
735,2023-08-28,14.648130375000003,400000,"[-3.1409199999999986, 22.689759499999976]"
736,2023-08-29,14.648130375000003,400000,"[-3.1409199999999986, 22.689759499999976]"
737,2023-08-30,14.648130375000003,400000,"[-3.1409199999999986, 22.689759499999976]"
738,2023-08-31,14.648130375000003,400000,"[-3.1409199999999986, 22.689759499999976]"
739,2023-09-01,14.648130375000003,400000,"[-3.1409199999999986, 22.689759499999976]"
740,2023-09-04,14.648130375000003,400000,"[-3.1409199999999986, 22.689759499999976]"
741,2023-09-05,14.648130375000003,400000,"[-3.1409199999999986, 22.689759499999976]"
742,2023-09-06,14.648130375000003,400000,"[-3.1409199999999986, 22.689759499999976]"
743,2023-09-07,14.648130375000003,400000,"[-3.1409199999999986, 22.689759499999976]"
744,2023-09-08,14.648130375000003,400000,"[-3.1409199999999986, 22.689759499999976]"
745,2023-09-11,14.648130375000003,400000,"[-3.1409199999999986, 22.689759499999976]"
746,2023-09-12,14.648130375000003,400000,"[-3.1409199999999986, 22.689759499999976]"
747,2023-09-13,14.648130375000003,400000,"[-3.1409199999999986, 22.689759499999976]"
748,2023-09-14,14.648130375000003,400000,"[-3.1409199999999986, 22.689759499999976]"
749,2023-09-15,14.648130375000003,400000,"[-3.1409199999999986, 22.689759499999976]"
750,2023-09-18,14.648130375000003,400000,"[-3.1409199999999986, 22.689759499999976]"
751,2023-09-20,14.648130375000003,400000,"[-3.1409199999999986, 22.689759499999976]"
752,2023-09-21,14.648130375000003,400000,"[-3.1409199999999986, 22.689759499999976]"
753,2023-09-22,14.648130375000003,400000,"[-3.1409199999999986, 22.689759499999976]"
754,2023-09-25,14.648130375000003,400000,"[-3.1409199999999986, 22.689759499999976]"
755,2023-09-26,14.648130375000003,400000,"[-3.1409199999999986, 22.689759499999976]"
756,2023-09-27,14.648130375000003,400000,"[-3.1409199999999986, 22.689759499999976]"
757,2023-09-28,14.648130375000003,400000,"[-3.1409199999999986, 22.689759499999976]"
758,2023-09-29,6.728330500000002,300000,"[-1.8413680000000168, 20.626863499999992]"
759,2023-10-03,6.728330500000002,300000,"[-1.8413680000000168, 20.626863499999992]"
760,2023-10-04,6.728330500000002,300000,"[-1.8413680000000168, 20.626863499999992]"
761,2023-10-05,6.728330500000002,300000,"[-1.8413680000000168, 20.626863499999992]"
762,2023-10-06,6.728330500000002,300000,"[-1.8413680000000168, 20.626863499999992]"
763,2023-10-09,6.728330500000002,300000,"[-1.8413680000000168, 20.626863499999992]"
764,2023-10-10,6.728330500000002,300000,"[-1.8413680000000168, 20.626863499999992]"
765,2023-10-11,6.728330500000002,300000,"[-1.8413680000000168, 20.626863499999992]"
766,2023-10-12,6.728330500000002,300000,"[-1.8413680000000168, 20.626863499999992]"
767,2023-10-13,6.728330500000002,300000,"[-1.8413680000000168, 20.626863499999992]"
768,2023-10-16,6.728330500000002,300000,"[-1.8413680000000168, 20.626863499999992]"
769,2023-10-17,6.728330500000002,300000,"[-1.8413680000000168, 20.626863499999992]"
770,2023-10-18,6.728330500000002,300000,"[-1.8413680000000168, 20.626863499999992]"
771,2023-10-19,6.728330500000002,300000,"[-1.8413680000000168, 20.626863499999992]"
772,2023-10-20,6.728330500000002,300000,"[-1.8413680000000168, 20.626863499999992]"
773,2023-10-23,6.728330500000002,300000,"[-1.8413680000000168, 20.626863499999992]"
774,2023-10-25,6.728330500000002,300000,"[-1.8413680000000168, 20.626863499999992]"
775,2023-10-26,3.695726750000002,200000,"[-0.43797899999999207, 7.499470000000001]"
776,2023-10-27,3.695726750000002,200000,"[-0.43797899999999207, 7.499470000000001]"
777,2023-10-30,3.695726750000002,200000,"[-0.43797899999999207, 7.499470000000001]"
778,2023-10-31,3.695726750000002,200000,"[-0.43797899999999207, 7.499470000000001]"
779,2023-11-01,3.695726750000002,200000,"[-0.43797899999999207, 7.499470000000001]"
780,2023-11-02,3.695726750000002,200000,"[-0.43797899999999207, 7.499470000000001]"
781,2023-11-03,3.695726750000002,200000,"[-0.43797899999999207, 7.499470000000001]"
782,2023-11-06,3.695726750000002,200000,"[-0.43797899999999207, 7.499470000000001]"
783,2023-11-07,3.695726750000002,200000,"[-0.43797899999999207, 7.499470000000001]"
784,2023-11-08,3.695726750000002,200000,"[-0.43797899999999207, 7.499470000000001]"
785,2023-11-09,3.695726750000002,200000,"[-0.43797899999999207, 7.499470000000001]"
786,2023-11-10,3.695726750000002,200000,"[-0.43797899999999207, 7.499470000000001]"
787,2023-11-12,3.695726750000002,200000,"[-0.43797899999999207, 7.499470000000001]"
788,2023-11-13,3.695726750000002,200000,"[-0.43797899999999207, 7.499470000000001]"
789,2023-11-15,3.695726750000002,200000,"[-0.43797899999999207, 7.499470000000001]"
790,2023-11-16,3.695726750000002,200000,"[-0.43797899999999207, 7.499470000000001]"
791,2023-11-17,3.695726750000002,200000,"[-0.43797899999999207, 7.499470000000001]"
792,2023-11-20,3.695726750000002,200000,"[-0.43797899999999207, 7.499470000000001]"
793,2023-11-21,3.695726750000002,200000,"[-0.43797899999999207, 7.499470000000001]"
794,2023-11-22,3.695726750000002,200000,"[-0.43797899999999207, 7.499470000000001]"
795,2023-11-23,3.695726750000002,200000,"[-0.43797899999999207, 7.499470000000001]"
796,2023-11-24,3.695726750000002,200000,"[-0.43797899999999207, 7.499470000000001]"
797,2023-11-28,3.695726750000002,200000,"[-0.43797899999999207, 7.499470000000001]"
798,2023-11-29,3.695726750000002,200000,"[-0.43797899999999207, 7.499470000000001]"
799,2023-11-30,3.695726750000002,200000,"[-0.43797899999999207, 7.499470000000001]"
800,2023-12-01,3.695726750000002,200000,"[-0.43797899999999207, 7.499470000000001]"
801,2023-12-04,3.695726750000002,200000,"[-0.43797899999999207, 7.499470000000001]"
802,2023-12-05,3.695726750000002,200000,"[-0.43797899999999207, 7.499470000000001]"
803,2023-12-06,3.695726750000002,200000,"[-0.43797899999999207, 7.499470000000001]"
804,2023-12-07,3.695726750000002,200000,"[-0.43797899999999207, 7.499470000000001]"
805,2023-12-08,3.695726750000002,200000,"[-0.43797899999999207, 7.499470000000001]"
806,2023-12-11,3.695726750000002,200000,"[-0.43797899999999207, 7.499470000000001]"
807,2023-12-12,3.695726750000002,200000,"[-0.43797899999999207, 7.499470000000001]"
808,2023-12-13,3.695726750000002,200000,"[-0.43797899999999207, 7.499470000000001]"
809,2023-12-14,3.695726750000002,200000,"[-0.43797899999999207, 7.499470000000001]"
810,2023-12-15,3.695726750000002,200000,"[-0.43797899999999207, 7.499470000000001]"
811,2023-12-18,3.695726750000002,200000,"[-0.43797899999999207, 7.499470000000001]"
812,2023-12-19,3.695726750000002,200000,"[-0.43797899999999207, 7.499470000000001]"
813,2023-12-20,3.695726750000002,200000,"[-0.43797899999999207, 7.499470000000001]"
814,2023-12-21,3.695726750000002,200000,"[-0.43797899999999207, 7.499470000000001]"
815,2023-12-22,3.695726750000002,200000,"[-0.43797899999999207, 7.499470000000001]"
816,2023-12-26,3.695726750000002,200000,"[-0.43797899999999207, 7.499470000000001]"
817,2023-12-27,3.695726750000002,200000,"[-0.43797899999999207, 7.499470000000001]"
818,2023-12-28,3.695726750000002,200000,"[-0.43797899999999207, 7.499470000000001]"
819,2023-12-29,3.695726750000002,200000,"[-0.43797899999999207, 7.499470000000001]"
820,2024-01-01,3.695726750000002,200000,"[-0.43797899999999207, 7.499470000000001]"
821,2024-01-02,3.695726750000002,200000,"[-0.43797899999999207, 7.499470000000001]"
822,2024-01-03,3.695726750000002,200000,"[-0.43797899999999207, 7.499470000000001]"
823,2024-01-04,3.695726750000002,200000,"[-0.43797899999999207, 7.499470000000001]"
824,2024-01-05,3.695726750000002,200000,"[-0.43797899999999207, 7.499470000000001]"
825,2024-01-08,3.695726750000002,200000,"[-0.43797899999999207, 7.499470000000001]"
826,2024-01-09,3.695726750000002,200000,"[-0.43797899999999207, 7.499470000000001]"
827,2024-01-10,3.695726750000002,200000,"[-0.43797899999999207, 7.499470000000001]"
828,2024-01-11,3.695726750000002,200000,"[-0.43797899999999207, 7.499470000000001]"
829,2024-01-12,3.695726750000002,200000,"[-0.43797899999999207, 7.499470000000001]"
830,2024-01-15,3.695726750000002,200000,"[-0.43797899999999207, 7.499470000000001]"
831,2024-01-16,3.695726750000002,200000,"[-0.43797899999999207, 7.499470000000001]"
832,2024-01-17,3.695726750000002,200000,"[-0.43797899999999207, 7.499470000000001]"
833,2024-01-18,3.695726750000002,200000,"[-0.43797899999999207, 7.499470000000001]"
834,2024-01-19,4.469946500000006,100000,"[0, 4.469946500000006]"
835,2024-01-20,4.469946500000006,100000,"[0, 4.469946500000006]"
836,2024-01-23,4.469946500000006,100000,"[0, 4.469946500000006]"
837,2024-01-24,4.469946500000006,100000,"[2.4949070000000213, 4.469946500000006]"
838,2024-01-25,0.0,0,"[0, 0]"
839,2024-01-29,0.0,0,"[0, 0]"
840,2024-01-30,0.0,0,"[0, 0]"
841,2024-01-31,0.0,0,"[0, 0]"
