,SecurityID,CompanyName,ReportDate,BuyPrice,BuyDate
0,5757,Aegis Logistics Ltd.,2021-05-09 00:00:00,328.7,2021-05-07 00:00:00
1,5757,Aegis Logistics Ltd.,2021-07-16 00:00:00,320.6,2021-07-16 00:00:00
2,5757,Aegis Logistics Ltd.,2021-09-09 00:00:00,259.05,2021-09-09 00:00:00
3,5757,Aegis Logistics Ltd.,2022-01-14 00:00:00,227.25,2022-01-14 00:00:00
4,5757,Aegis Logistics Ltd.,2022-04-29 00:00:00,221.45,2022-04-29 00:00:00
5,5757,Aegis Logistics Ltd.,2022-08-03 00:00:00,271.8,2022-08-03 00:00:00
6,5757,Aegis Logistics Ltd.,2022-10-18 00:00:00,274.3,2022-10-18 00:00:00
7,5757,Aegis Logistics Ltd.,2022-12-13 00:00:00,362.4,2022-12-13 00:00:00
8,5757,Aegis Logistics Ltd.,2023-05-18 00:00:00,367.9,2023-05-18 00:00:00
9,5757,Aegis Logistics Ltd.,2023-07-14 00:00:00,352.25,2023-07-14 00:00:00
10,5757,Aegis Logistics Ltd.,2023-11-02 00:00:00,289.5,2023-11-02 00:00:00
11,5757,Aegis Logistics Ltd.,2024-01-30 00:00:00,370.2,2024-01-30 00:00:00
12,87606,Aster DM Healthcare Ltd.,2023-02-10 00:00:00,207.75,2023-02-10 00:00:00
13,87606,Aster DM Healthcare Ltd.,2023-05-22 00:00:00,258.6,2023-05-22 00:00:00
14,87606,Aster DM Healthcare Ltd.,2023-08-09 00:00:00,308.6,2023-08-09 00:00:00
15,87606,Aster DM Healthcare Ltd.,2023-11-09 00:00:00,333.1,2023-11-09 00:00:00
16,87606,Aster DM Healthcare Ltd.,2024-01-30 00:00:00,431.0,2024-01-30 00:00:00
17,93539,Computer Age Management Services Ltd.,2023-03-02 00:00:00,2257.15,2023-03-02 00:00:00
18,93539,Computer Age Management Services Ltd.,2023-06-14 00:00:00,2185.35,2023-06-14 00:00:00
19,93539,Computer Age Management Services Ltd.,2023-11-07 00:00:00,2406.9,2023-11-07 00:00:00
20,93539,Computer Age Management Services Ltd.,2024-01-30 00:00:00,2771.5,2024-01-30 00:00:00
21,6864,Godrej Properties Ltd.,2023-03-14 00:00:00,1107.8,2023-03-14 00:00:00
22,6864,Godrej Properties Ltd.,2023-07-31 00:00:00,1740.5,2023-07-31 00:00:00
23,6864,Godrej Properties Ltd.,2023-11-01 00:00:00,1664.25,2023-11-01 00:00:00
24,6864,Godrej Properties Ltd.,2024-01-30 00:00:00,2373.15,2024-01-30 00:00:00
25,82667,BSE Ltd.,2022-02-22 00:00:00,688.07,2022-02-22 00:00:00
26,82667,BSE Ltd.,2022-06-13 00:00:00,682.5,2022-06-13 00:00:00
27,82667,BSE Ltd.,2022-11-04 00:00:00,602.45,2022-11-04 00:00:00
28,82667,BSE Ltd.,2023-01-11 00:00:00,536.2,2023-01-11 00:00:00
29,82667,BSE Ltd.,2023-05-02 00:00:00,527.3,2023-05-02 00:00:00
30,82667,BSE Ltd.,2023-08-07 00:00:00,867.7,2023-08-07 00:00:00
31,82667,BSE Ltd.,2023-10-18 00:00:00,1487.7,2023-10-18 00:00:00
32,82667,BSE Ltd.,2024-01-29 00:00:00,2128.9,2024-01-29 00:00:00
33,83775,Central Depository Services (India) Ltd.,2021-04-23 00:00:00,720.65,2021-04-23 00:00:00
34,83775,Central Depository Services (India) Ltd.,2021-07-22 00:00:00,1426.65,2021-07-22 00:00:00
35,83775,Central Depository Services (India) Ltd.,2021-10-21 00:00:00,1357.0,2021-10-21 00:00:00
36,83775,Central Depository Services (India) Ltd.,2022-01-14 00:00:00,1615.5,2022-01-14 00:00:00
37,83775,Central Depository Services (India) Ltd.,2022-04-01 00:00:00,1496.5,2022-04-01 00:00:00
38,83775,Central Depository Services (India) Ltd.,2022-06-02 00:00:00,1195.85,2022-06-02 00:00:00
39,83775,Central Depository Services (India) Ltd.,2022-10-20 00:00:00,1213.7,2022-10-20 00:00:00
40,83775,Central Depository Services (India) Ltd.,2023-01-13 00:00:00,1077.65,2023-01-13 00:00:00
41,83775,Central Depository Services (India) Ltd.,2023-04-26 00:00:00,996.1,2023-04-26 00:00:00
42,83775,Central Depository Services (India) Ltd.,2023-08-03 00:00:00,1216.4,2023-08-03 00:00:00
43,83775,Central Depository Services (India) Ltd.,2023-09-22 00:00:00,1312.9,2023-09-22 00:00:00
44,83775,Central Depository Services (India) Ltd.,2024-01-29 00:00:00,1765.4,2024-01-29 00:00:00
45,100528,Data Patterns (India) Ltd.,2023-03-31 00:00:00,1375.7,2023-03-31 00:00:00
46,100528,Data Patterns (India) Ltd.,2023-08-07 00:00:00,2010.75,2023-08-07 00:00:00
47,100528,Data Patterns (India) Ltd.,2023-10-23 00:00:00,1949.05,2023-10-23 00:00:00
48,100528,Data Patterns (India) Ltd.,2024-01-29 00:00:00,1869.15,2024-01-29 00:00:00
49,86554,Dixon Technologies (India) Ltd.,2021-05-11 00:00:00,3963.4,2021-05-11 00:00:00
50,86554,Dixon Technologies (India) Ltd.,2021-07-03 00:00:00,4518.85,2021-07-02 00:00:00
51,86554,Dixon Technologies (India) Ltd.,2021-09-21 00:00:00,4107.45,2021-09-21 00:00:00
52,86554,Dixon Technologies (India) Ltd.,2022-01-13 00:00:00,5269.45,2022-01-13 00:00:00
53,86554,Dixon Technologies (India) Ltd.,2022-02-22 00:00:00,4159.5,2022-02-22 00:00:00
54,86554,Dixon Technologies (India) Ltd.,2022-06-28 00:00:00,3664.7,2022-06-28 00:00:00
55,86554,Dixon Technologies (India) Ltd.,2022-09-23 00:00:00,4314.35,2022-09-23 00:00:00
56,86554,Dixon Technologies (India) Ltd.,2022-12-26 00:00:00,3817.8,2022-12-26 00:00:00
57,86554,Dixon Technologies (India) Ltd.,2023-02-09 00:00:00,2690.45,2023-02-09 00:00:00
58,86554,Dixon Technologies (India) Ltd.,2023-06-02 00:00:00,3966.15,2023-06-02 00:00:00
59,86554,Dixon Technologies (India) Ltd.,2023-10-19 00:00:00,5501.8,2023-10-19 00:00:00
60,86554,Dixon Technologies (India) Ltd.,2024-01-29 00:00:00,5871.65,2024-01-29 00:00:00
61,4964,Larsen & Toubro Ltd.,2021-04-18 00:00:00,1359.15,2021-04-16 00:00:00
62,4964,Larsen & Toubro Ltd.,2021-06-12 00:00:00,1503.45,2021-06-11 00:00:00
63,4964,Larsen & Toubro Ltd.,2021-09-10 00:00:00,1670.05,2021-09-09 00:00:00
64,4964,Larsen & Toubro Ltd.,2022-01-24 00:00:00,1899.9,2022-01-24 00:00:00
65,4964,Larsen & Toubro Ltd.,2022-04-08 00:00:00,1830.75,2022-04-08 00:00:00
66,4964,Larsen & Toubro Ltd.,2022-06-17 00:00:00,1489.95,2022-06-17 00:00:00
67,4964,Larsen & Toubro Ltd.,2022-10-28 00:00:00,1975.05,2022-10-28 00:00:00
68,4964,Larsen & Toubro Ltd.,2022-12-15 00:00:00,2177.55,2022-12-15 00:00:00
69,4964,Larsen & Toubro Ltd.,2023-04-25 00:00:00,2247.95,2023-04-25 00:00:00
70,4964,Larsen & Toubro Ltd.,2023-07-14 00:00:00,2472.25,2023-07-14 00:00:00
71,4964,Larsen & Toubro Ltd.,2023-10-30 00:00:00,2926.35,2023-10-30 00:00:00
72,4964,Larsen & Toubro Ltd.,2024-01-29 00:00:00,3708.0,2024-01-29 00:00:00
73,70937,Sheela Foam Ltd.,2021-06-23 00:00:00,1146.22,2021-06-23 00:00:00
74,70937,Sheela Foam Ltd.,2021-09-21 00:00:00,1179.45,2021-09-21 00:00:00
75,70937,Sheela Foam Ltd.,2021-12-13 00:00:00,1625.1,2021-12-13 00:00:00
76,70937,Sheela Foam Ltd.,2022-03-04 00:00:00,1685.9,2022-03-04 00:00:00
77,70937,Sheela Foam Ltd.,2022-07-06 00:00:00,1335.7,2022-07-06 00:00:00
78,70937,Sheela Foam Ltd.,2022-10-21 00:00:00,1346.72,2022-10-21 00:00:00
79,70937,Sheela Foam Ltd.,2022-12-29 00:00:00,1294.5,2022-12-29 00:00:00
80,70937,Sheela Foam Ltd.,2023-04-11 00:00:00,1074.0,2023-04-11 00:00:00
81,70937,Sheela Foam Ltd.,2023-07-13 00:00:00,1118.2,2023-07-13 00:00:00
82,70937,Sheela Foam Ltd.,2023-08-28 00:00:00,1107.85,2023-08-28 00:00:00
83,70937,Sheela Foam Ltd.,2024-01-29 00:00:00,1148.1,2024-01-29 00:00:00
84,5107,The Indian Hotels Company Ltd.,2021-09-14 00:00:00,149.23,2021-09-14 00:00:00
85,5107,The Indian Hotels Company Ltd.,2021-11-18 00:00:00,210.5,2021-11-18 00:00:00
86,5107,The Indian Hotels Company Ltd.,2022-04-20 00:00:00,237.6,2022-04-20 00:00:00
87,5107,The Indian Hotels Company Ltd.,2022-07-25 00:00:00,260.75,2022-07-25 00:00:00
88,5107,The Indian Hotels Company Ltd.,2022-09-09 00:00:00,312.5,2022-09-09 00:00:00
89,5107,The Indian Hotels Company Ltd.,2023-01-02 00:00:00,317.2,2023-01-02 00:00:00
90,5107,The Indian Hotels Company Ltd.,2023-04-25 00:00:00,338.85,2023-04-25 00:00:00
91,5107,The Indian Hotels Company Ltd.,2023-07-25 00:00:00,392.15,2023-07-25 00:00:00
92,5107,The Indian Hotels Company Ltd.,2023-10-26 00:00:00,374.8,2023-10-26 00:00:00
93,5107,The Indian Hotels Company Ltd.,2024-01-29 00:00:00,496.15,2024-01-29 00:00:00
94,5393,Balrampur Chini Mills Ltd.,2021-03-13 00:00:00,220.1,2021-03-12 00:00:00
95,5393,Balrampur Chini Mills Ltd.,2021-06-28 00:00:00,361.9,2021-06-28 00:00:00
96,5393,Balrampur Chini Mills Ltd.,2021-10-14 00:00:00,378.1,2021-10-14 00:00:00
97,5393,Balrampur Chini Mills Ltd.,2021-12-17 00:00:00,315.6,2021-12-17 00:00:00
98,5393,Balrampur Chini Mills Ltd.,2022-04-29 00:00:00,443.1,2022-04-29 00:00:00
99,5393,Balrampur Chini Mills Ltd.,2022-07-29 00:00:00,395.1,2022-07-29 00:00:00
100,5393,Balrampur Chini Mills Ltd.,2022-11-02 00:00:00,336.2,2022-11-02 00:00:00
101,5393,Balrampur Chini Mills Ltd.,2022-12-23 00:00:00,384.25,2022-12-23 00:00:00
102,5393,Balrampur Chini Mills Ltd.,2023-04-19 00:00:00,420.45,2023-04-19 00:00:00
103,5393,Balrampur Chini Mills Ltd.,2023-08-04 00:00:00,412.7,2023-08-04 00:00:00
104,5393,Balrampur Chini Mills Ltd.,2023-11-06 00:00:00,430.05,2023-11-06 00:00:00
105,5393,Balrampur Chini Mills Ltd.,2024-01-25 00:00:00,387.75,2024-01-25 00:00:00
106,7308,PI Industries Ltd.,2020-12-10 00:00:00,2317.1,2020-12-10 00:00:00
107,7308,PI Industries Ltd.,2021-02-06 00:00:00,2246.5,2021-02-05 00:00:00
108,7308,PI Industries Ltd.,2021-06-15 00:00:00,2882.9,2021-06-15 00:00:00
109,7308,PI Industries Ltd.,2021-09-20 00:00:00,3247.0,2021-09-20 00:00:00
110,7308,PI Industries Ltd.,2022-01-07 00:00:00,2949.05,2022-01-07 00:00:00
111,7308,PI Industries Ltd.,2022-04-06 00:00:00,2894.0,2022-04-06 00:00:00
112,7308,PI Industries Ltd.,2022-07-29 00:00:00,3089.9,2022-07-29 00:00:00
113,7308,PI Industries Ltd.,2022-10-28 00:00:00,3213.25,2022-10-28 00:00:00
114,7308,PI Industries Ltd.,2022-12-23 00:00:00,3459.6,2022-12-23 00:00:00
115,7308,PI Industries Ltd.,2023-04-03 00:00:00,2976.3,2023-04-03 00:00:00
116,7308,PI Industries Ltd.,2023-08-01 00:00:00,3660.1,2023-08-01 00:00:00
117,7308,PI Industries Ltd.,2023-11-07 00:00:00,3514.5,2023-11-07 00:00:00
118,7308,PI Industries Ltd.,2024-01-25 00:00:00,3241.95,2024-01-25 00:00:00
119,7698,Whirlpool Of India Ltd.,2021-02-28 00:00:00,2412.25,2021-02-26 00:00:00
120,7698,Whirlpool Of India Ltd.,2021-07-15 00:00:00,2195.85,2021-07-15 00:00:00
121,7698,Whirlpool Of India Ltd.,2021-09-30 00:00:00,2284.95,2021-09-30 00:00:00
122,7698,Whirlpool Of India Ltd.,2022-01-12 00:00:00,1845.9,2022-01-12 00:00:00
123,7698,Whirlpool Of India Ltd.,2022-04-26 00:00:00,1619.5,2022-04-26 00:00:00
124,7698,Whirlpool Of India Ltd.,2022-07-22 00:00:00,1738.7,2022-07-22 00:00:00
125,7698,Whirlpool Of India Ltd.,2022-10-25 00:00:00,1561.85,2022-10-25 00:00:00
126,7698,Whirlpool Of India Ltd.,2022-12-20 00:00:00,1507.45,2022-12-20 00:00:00
127,7698,Whirlpool Of India Ltd.,2023-04-28 00:00:00,1323.05,2023-04-28 00:00:00
128,7698,Whirlpool Of India Ltd.,2023-07-31 00:00:00,1459.25,2023-07-31 00:00:00
129,7698,Whirlpool Of India Ltd.,2023-10-03 00:00:00,1649.85,2023-10-03 00:00:00
130,7698,Whirlpool Of India Ltd.,2024-01-25 00:00:00,1317.0,2024-01-25 00:00:00
131,4902,Siemens Ltd.,2021-05-17 00:00:00,2062.0,2021-05-17 00:00:00
132,4902,Siemens Ltd.,2021-09-22 00:00:00,2161.95,2021-09-22 00:00:00
133,4902,Siemens Ltd.,2022-01-06 00:00:00,2292.3,2022-01-06 00:00:00
134,4902,Siemens Ltd.,2022-05-02 00:00:00,2247.1,2022-05-02 00:00:00
135,4902,Siemens Ltd.,2022-07-28 00:00:00,2683.4,2022-07-28 00:00:00
136,4902,Siemens Ltd.,2022-11-04 00:00:00,2973.2,2022-11-04 00:00:00
137,4902,Siemens Ltd.,2022-12-30 00:00:00,2826.4,2022-12-30 00:00:00
138,4902,Siemens Ltd.,2023-05-08 00:00:00,3689.75,2023-05-08 00:00:00
139,4902,Siemens Ltd.,2023-07-14 00:00:00,3689.8,2023-07-14 00:00:00
140,4902,Siemens Ltd.,2023-11-08 00:00:00,3423.9,2023-11-08 00:00:00
141,4902,Siemens Ltd.,2024-01-24 00:00:00,4199.0,2024-01-24 00:00:00
142,5148,Trident Ltd.,2023-03-16 00:00:00,28.55,2023-03-16 00:00:00
143,5148,Trident Ltd.,2023-06-20 00:00:00,33.5,2023-06-20 00:00:00
144,5148,Trident Ltd.,2023-11-08 00:00:00,36.7,2023-11-08 00:00:00
145,5148,Trident Ltd.,2024-01-24 00:00:00,45.85,2024-01-24 00:00:00
146,7648,APL Apollo Tubes Ltd.,2022-05-30 00:00:00,886.2,2022-05-30 00:00:00
147,7648,APL Apollo Tubes Ltd.,2022-11-02 00:00:00,1088.8,2022-11-02 00:00:00
148,7648,APL Apollo Tubes Ltd.,2023-01-13 00:00:00,1135.0,2023-01-13 00:00:00
149,7648,APL Apollo Tubes Ltd.,2023-05-10 00:00:00,1181.95,2023-05-10 00:00:00
150,7648,APL Apollo Tubes Ltd.,2023-07-31 00:00:00,1593.95,2023-07-31 00:00:00
151,7648,APL Apollo Tubes Ltd.,2023-10-27 00:00:00,1623.9,2023-10-27 00:00:00
152,7648,APL Apollo Tubes Ltd.,2024-01-23 00:00:00,1500.95,2024-01-23 00:00:00
153,7813,Jindal Steel & Power Ltd.,2022-06-15 00:00:00,348.55,2022-06-15 00:00:00
154,7813,Jindal Steel & Power Ltd.,2022-10-20 00:00:00,443.2,2022-10-20 00:00:00
155,7813,Jindal Steel & Power Ltd.,2023-01-06 00:00:00,591.1,2023-01-06 00:00:00
156,7813,Jindal Steel & Power Ltd.,2023-05-12 00:00:00,574.15,2023-05-12 00:00:00
157,7813,Jindal Steel & Power Ltd.,2023-07-25 00:00:00,664.7,2023-07-25 00:00:00
158,7813,Jindal Steel & Power Ltd.,2023-10-27 00:00:00,643.9,2023-10-27 00:00:00
159,7813,Jindal Steel & Power Ltd.,2024-01-23 00:00:00,694.65,2024-01-23 00:00:00
160,98271,Krishna Institute of Medical Sciences Ltd,2022-12-27 00:00:00,1484.95,2022-12-27 00:00:00
161,98271,Krishna Institute of Medical Sciences Ltd,2023-04-20 00:00:00,1515.3,2023-04-20 00:00:00
162,98271,Krishna Institute of Medical Sciences Ltd,2023-07-13 00:00:00,1843.25,2023-07-13 00:00:00
163,98271,Krishna Institute of Medical Sciences Ltd,2023-09-13 00:00:00,2087.8,2023-09-13 00:00:00
164,98271,Krishna Institute of Medical Sciences Ltd,2024-01-23 00:00:00,2017.2,2024-01-23 00:00:00
165,15914,Narayana Hrudayalaya Ltd.,2023-04-06 00:00:00,758.95,2023-04-06 00:00:00
166,15914,Narayana Hrudayalaya Ltd.,2023-07-31 00:00:00,1010.5,2023-07-31 00:00:00
167,15914,Narayana Hrudayalaya Ltd.,2023-09-13 00:00:00,1035.2,2023-09-13 00:00:00
168,15914,Narayana Hrudayalaya Ltd.,2024-01-23 00:00:00,1231.1,2024-01-23 00:00:00
169,98272,Shyam Metalics And Energy Ltd.,2022-04-29 00:00:00,326.8,2022-04-29 00:00:00
170,98272,Shyam Metalics And Energy Ltd.,2022-06-24 00:00:00,286.45,2022-06-24 00:00:00
171,98272,Shyam Metalics And Energy Ltd.,2022-11-04 00:00:00,308.75,2022-11-04 00:00:00
172,98272,Shyam Metalics And Energy Ltd.,2023-01-13 00:00:00,306.25,2023-01-13 00:00:00
173,98272,Shyam Metalics And Energy Ltd.,2023-05-18 00:00:00,296.9,2023-05-18 00:00:00
174,98272,Shyam Metalics And Energy Ltd.,2023-07-25 00:00:00,399.75,2023-07-25 00:00:00
175,98272,Shyam Metalics And Energy Ltd.,2023-11-02 00:00:00,431.85,2023-11-02 00:00:00
176,98272,Shyam Metalics And Energy Ltd.,2024-01-23 00:00:00,671.8,2024-01-23 00:00:00
177,5355,Container Corporation Of India Ltd.,2021-01-06 00:00:00,433.95,2021-01-06 00:00:00
178,5355,Container Corporation Of India Ltd.,2021-02-26 00:00:00,557.85,2021-02-26 00:00:00
179,5355,Container Corporation Of India Ltd.,2021-06-18 00:00:00,688.35,2021-06-18 00:00:00
180,5355,Container Corporation Of India Ltd.,2021-09-15 00:00:00,720.1,2021-09-15 00:00:00
181,5355,Container Corporation Of India Ltd.,2021-12-22 00:00:00,614.4,2021-12-22 00:00:00
182,5355,Container Corporation Of India Ltd.,2022-02-17 00:00:00,599.55,2022-02-17 00:00:00
183,5355,Container Corporation Of India Ltd.,2022-07-29 00:00:00,712.75,2022-07-29 00:00:00
184,5355,Container Corporation Of India Ltd.,2022-11-09 00:00:00,809.65,2022-11-09 00:00:00
185,5355,Container Corporation Of India Ltd.,2022-12-23 00:00:00,712.3,2022-12-23 00:00:00
186,5355,Container Corporation Of India Ltd.,2023-05-08 00:00:00,635.85,2023-05-08 00:00:00
187,5355,Container Corporation Of India Ltd.,2023-07-19 00:00:00,685.9,2023-07-19 00:00:00
188,5355,Container Corporation Of India Ltd.,2023-11-01 00:00:00,675.5,2023-11-01 00:00:00
189,5355,Container Corporation Of India Ltd.,2024-01-20 00:00:00,873.35,2024-01-20 00:00:00
190,82477,Endurance Technologies Ltd.,2023-02-23 00:00:00,1319.0,2023-02-23 00:00:00
191,82477,Endurance Technologies Ltd.,2023-07-26 00:00:00,1659.8,2023-07-26 00:00:00
192,82477,Endurance Technologies Ltd.,2023-11-07 00:00:00,1718.35,2023-11-07 00:00:00
193,82477,Endurance Technologies Ltd.,2024-01-20 00:00:00,2065.4,2024-01-20 00:00:00
194,4968,JSW Steel Ltd.,2022-02-11 00:00:00,671.4,2022-02-11 00:00:00
195,4968,JSW Steel Ltd.,2022-06-15 00:00:00,563.0,2022-06-15 00:00:00
196,4968,JSW Steel Ltd.,2022-10-19 00:00:00,625.9,2022-10-19 00:00:00
197,4968,JSW Steel Ltd.,2023-01-11 00:00:00,754.2,2023-01-11 00:00:00
198,4968,JSW Steel Ltd.,2023-05-17 00:00:00,695.1,2023-05-17 00:00:00
199,4968,JSW Steel Ltd.,2023-07-12 00:00:00,805.7,2023-07-12 00:00:00
200,4968,JSW Steel Ltd.,2023-10-19 00:00:00,780.45,2023-10-19 00:00:00
201,4968,JSW Steel Ltd.,2024-01-20 00:00:00,808.2,2024-01-20 00:00:00
202,6320,Petronet LNG Ltd.,2023-03-27 00:00:00,222.85,2023-03-27 00:00:00
203,6320,Petronet LNG Ltd.,2023-07-18 00:00:00,224.2,2023-07-18 00:00:00
204,6320,Petronet LNG Ltd.,2023-10-27 00:00:00,220.25,2023-10-27 00:00:00
205,6320,Petronet LNG Ltd.,2024-01-20 00:00:00,246.8,2024-01-20 00:00:00
206,98308,Sona BLW Precision Forgings Ltd.,2023-03-31 00:00:00,413.5,2023-03-31 00:00:00
207,98308,Sona BLW Precision Forgings Ltd.,2023-07-18 00:00:00,543.35,2023-07-18 00:00:00
208,98308,Sona BLW Precision Forgings Ltd.,2023-10-20 00:00:00,540.5,2023-10-20 00:00:00
209,98308,Sona BLW Precision Forgings Ltd.,2024-01-20 00:00:00,587.05,2024-01-20 00:00:00
210,5226,Tata Steel Ltd.,2022-06-17 00:00:00,90.67,2022-06-17 00:00:00
211,5226,Tata Steel Ltd.,2022-10-28 00:00:00,101.6,2022-10-28 00:00:00
212,5226,Tata Steel Ltd.,2023-01-06 00:00:00,115.65,2023-01-06 00:00:00
213,5226,Tata Steel Ltd.,2023-04-28 00:00:00,107.95,2023-04-28 00:00:00
214,5226,Tata Steel Ltd.,2023-07-18 00:00:00,116.6,2023-07-18 00:00:00
215,5226,Tata Steel Ltd.,2023-10-30 00:00:00,119.15,2023-10-30 00:00:00
216,5226,Tata Steel Ltd.,2024-01-20 00:00:00,133.95,2024-01-20 00:00:00
217,5278,Oberoi Realty Ltd.,2023-02-20 00:00:00,857.05,2023-02-20 00:00:00
218,5278,Oberoi Realty Ltd.,2023-07-28 00:00:00,1119.5,2023-07-28 00:00:00
219,5278,Oberoi Realty Ltd.,2023-10-26 00:00:00,1069.4,2023-10-26 00:00:00
220,5278,Oberoi Realty Ltd.,2024-01-19 00:00:00,1519.0,2024-01-19 00:00:00
221,89248,Indiamart Intermesh Ltd.,2021-01-24 00:00:00,3946.75,2021-01-22 00:00:00
222,89248,Indiamart Intermesh Ltd.,2021-05-05 00:00:00,3738.42,2021-05-05 00:00:00
223,89248,Indiamart Intermesh Ltd.,2021-08-15 00:00:00,3621.1,2021-08-13 00:00:00
224,89248,Indiamart Intermesh Ltd.,2022-01-11 00:00:00,3252.05,2022-01-11 00:00:00
225,89248,Indiamart Intermesh Ltd.,2022-02-08 00:00:00,2501.3,2022-02-08 00:00:00
226,89248,Indiamart Intermesh Ltd.,2022-07-19 00:00:00,2054.0,2022-07-19 00:00:00
227,89248,Indiamart Intermesh Ltd.,2022-09-19 00:00:00,2203.92,2022-09-19 00:00:00
228,89248,Indiamart Intermesh Ltd.,2023-01-13 00:00:00,2230.28,2023-01-13 00:00:00
229,89248,Indiamart Intermesh Ltd.,2023-04-25 00:00:00,2659.15,2023-04-25 00:00:00
230,89248,Indiamart Intermesh Ltd.,2023-07-11 00:00:00,2771.95,2023-07-11 00:00:00
231,89248,Indiamart Intermesh Ltd.,2023-10-17 00:00:00,2822.0,2023-10-17 00:00:00
232,89248,Indiamart Intermesh Ltd.,2024-01-16 00:00:00,2654.2,2024-01-16 00:00:00
233,8023,Sunteck Realty Ltd.,2023-01-09 00:00:00,353.75,2023-01-09 00:00:00
234,8023,Sunteck Realty Ltd.,2023-04-27 00:00:00,298.6,2023-04-27 00:00:00
235,8023,Sunteck Realty Ltd.,2023-07-26 00:00:00,353.15,2023-07-26 00:00:00
236,8023,Sunteck Realty Ltd.,2023-10-19 00:00:00,472.5,2023-10-19 00:00:00
237,8023,Sunteck Realty Ltd.,2024-01-16 00:00:00,458.8,2024-01-16 00:00:00
238,87407,Amber Enterprises India Ltd.,2021-06-06 00:00:00,2770.85,2021-06-04 00:00:00
239,87407,Amber Enterprises India Ltd.,2021-10-14 00:00:00,3651.7,2021-10-14 00:00:00
240,87407,Amber Enterprises India Ltd.,2022-01-12 00:00:00,3532.4,2022-01-12 00:00:00
241,87407,Amber Enterprises India Ltd.,2022-04-26 00:00:00,3591.6,2022-04-26 00:00:00
242,87407,Amber Enterprises India Ltd.,2022-07-26 00:00:00,2368.2,2022-07-26 00:00:00
243,87407,Amber Enterprises India Ltd.,2022-10-12 00:00:00,2349.55,2022-10-12 00:00:00
244,87407,Amber Enterprises India Ltd.,2022-12-20 00:00:00,1948.65,2022-12-20 00:00:00
245,87407,Amber Enterprises India Ltd.,2023-04-18 00:00:00,1856.5,2023-04-18 00:00:00
246,87407,Amber Enterprises India Ltd.,2023-07-21 00:00:00,2230.7,2023-07-21 00:00:00
247,87407,Amber Enterprises India Ltd.,2023-10-19 00:00:00,2951.3,2023-10-19 00:00:00
248,87407,Amber Enterprises India Ltd.,2024-01-03 00:00:00,3112.1,2024-01-03 00:00:00
249,6810,Blue Star Ltd.,2023-03-23 00:00:00,726.98,2023-03-23 00:00:00
250,6810,Blue Star Ltd.,2023-06-08 00:00:00,730.0,2023-06-08 00:00:00
251,6810,Blue Star Ltd.,2023-09-29 00:00:00,875.2,2023-09-29 00:00:00
252,6810,Blue Star Ltd.,2024-01-03 00:00:00,941.75,2024-01-03 00:00:00
253,4917,CRISIL Ltd.,2023-02-02 00:00:00,3102.95,2023-02-02 00:00:00
254,4917,CRISIL Ltd.,2023-04-13 00:00:00,3500.85,2023-04-13 00:00:00
255,4917,CRISIL Ltd.,2023-05-31 00:00:00,3798.7,2023-05-31 00:00:00
256,4917,CRISIL Ltd.,2023-10-09 00:00:00,3897.6,2023-10-09 00:00:00
257,4917,CRISIL Ltd.,2024-01-03 00:00:00,4150.2,2024-01-03 00:00:00
258,5051,HDFC Bank Ltd.,2023-02-13 00:00:00,1658.35,2023-02-13 00:00:00
259,5051,HDFC Bank Ltd.,2023-05-30 00:00:00,1636.75,2023-05-30 00:00:00
260,5051,HDFC Bank Ltd.,2023-10-13 00:00:00,1535.75,2023-10-13 00:00:00
261,5051,HDFC Bank Ltd.,2024-01-03 00:00:00,1672.9,2024-01-03 00:00:00
262,8748,ICICI Bank Ltd.,2023-03-10 00:00:00,842.65,2023-03-10 00:00:00
263,8748,ICICI Bank Ltd.,2023-06-06 00:00:00,942.1,2023-06-06 00:00:00
264,8748,ICICI Bank Ltd.,2023-10-19 00:00:00,935.75,2023-10-19 00:00:00
265,8748,ICICI Bank Ltd.,2024-01-03 00:00:00,984.05,2024-01-03 00:00:00
266,5285,IndusInd Bank Ltd.,2023-04-06 00:00:00,1082.0,2023-04-06 00:00:00
267,5285,IndusInd Bank Ltd.,2023-06-06 00:00:00,1306.0,2023-06-06 00:00:00
268,5285,IndusInd Bank Ltd.,2023-10-17 00:00:00,1436.0,2023-10-17 00:00:00
269,5285,IndusInd Bank Ltd.,2024-01-03 00:00:00,1601.15,2024-01-03 00:00:00
270,6169,Nilkamal Ltd.,2020-10-18 00:00:00,1310.75,2020-10-16 00:00:00
271,6169,Nilkamal Ltd.,2020-12-05 00:00:00,1440.05,2020-12-04 00:00:00
272,6169,Nilkamal Ltd.,2021-04-02 00:00:00,1951.8,2021-04-01 00:00:00
273,6169,Nilkamal Ltd.,2021-07-14 00:00:00,2507.5,2021-07-14 00:00:00
274,6169,Nilkamal Ltd.,2021-09-28 00:00:00,2831.45,2021-09-28 00:00:00
275,6169,Nilkamal Ltd.,2022-01-13 00:00:00,2636.7,2022-01-13 00:00:00
276,6169,Nilkamal Ltd.,2022-04-20 00:00:00,2053.8,2022-04-20 00:00:00
277,6169,Nilkamal Ltd.,2022-07-15 00:00:00,1882.6,2022-07-15 00:00:00
278,6169,Nilkamal Ltd.,2022-10-25 00:00:00,2030.5,2022-10-25 00:00:00
279,6169,Nilkamal Ltd.,2022-12-15 00:00:00,1914.6,2022-12-15 00:00:00
280,6169,Nilkamal Ltd.,2023-04-17 00:00:00,1961.2,2023-04-17 00:00:00
281,6169,Nilkamal Ltd.,2023-06-09 00:00:00,2257.85,2023-06-09 00:00:00
282,6169,Nilkamal Ltd.,2023-10-31 00:00:00,2380.9,2023-10-31 00:00:00
283,6169,Nilkamal Ltd.,2024-01-03 00:00:00,2231.95,2024-01-03 00:00:00
284,5838,Voltas Ltd.,2023-03-31 00:00:00,818.25,2023-03-31 00:00:00
285,5838,Voltas Ltd.,2023-06-08 00:00:00,804.95,2023-06-08 00:00:00
286,5838,Voltas Ltd.,2023-09-28 00:00:00,860.85,2023-09-28 00:00:00
287,5838,Voltas Ltd.,2024-01-03 00:00:00,986.9,2024-01-03 00:00:00
288,7794,Adani Ports and Special Economic Zone Ltd.,2021-03-04 00:00:00,752.45,2021-03-04 00:00:00
289,7794,Adani Ports and Special Economic Zone Ltd.,2021-05-27 00:00:00,751.4,2021-05-27 00:00:00
290,7794,Adani Ports and Special Economic Zone Ltd.,2021-08-26 00:00:00,721.7,2021-08-26 00:00:00
291,7794,Adani Ports and Special Economic Zone Ltd.,2022-01-18 00:00:00,762.95,2022-01-18 00:00:00
292,7794,Adani Ports and Special Economic Zone Ltd.,2022-04-22 00:00:00,874.15,2022-04-22 00:00:00
293,7794,Adani Ports and Special Economic Zone Ltd.,2022-07-13 00:00:00,726.75,2022-07-13 00:00:00
294,7794,Adani Ports and Special Economic Zone Ltd.,2022-09-14 00:00:00,947.85,2022-09-14 00:00:00
295,7794,Adani Ports and Special Economic Zone Ltd.,2022-12-02 00:00:00,888.2,2022-12-02 00:00:00
296,7794,Adani Ports and Special Economic Zone Ltd.,2023-05-04 00:00:00,679.75,2023-05-04 00:00:00
297,7794,Adani Ports and Special Economic Zone Ltd.,2023-08-04 00:00:00,775.25,2023-08-04 00:00:00
298,7794,Adani Ports and Special Economic Zone Ltd.,2023-11-07 00:00:00,797.55,2023-11-07 00:00:00
299,7794,Adani Ports and Special Economic Zone Ltd.,2024-01-02 00:00:00,1078.4,2024-01-02 00:00:00
300,4916,Astral Ltd.,2021-03-07 00:00:00,1245.52,2021-03-05 00:00:00
301,4916,Astral Ltd.,2021-07-26 00:00:00,1538.7,2021-07-26 00:00:00
302,4916,Astral Ltd.,2021-10-07 00:00:00,1678.39,2021-10-07 00:00:00
303,4916,Astral Ltd.,2022-01-07 00:00:00,1827.38,2022-01-07 00:00:00
304,4916,Astral Ltd.,2022-04-22 00:00:00,1619.92,2022-04-22 00:00:00
305,4916,Astral Ltd.,2022-07-25 00:00:00,1319.81,2022-07-25 00:00:00
306,4916,Astral Ltd.,2022-10-07 00:00:00,1699.5,2022-10-07 00:00:00
307,4916,Astral Ltd.,2022-12-13 00:00:00,1574.62,2022-12-13 00:00:00
308,4916,Astral Ltd.,2023-04-17 00:00:00,1454.35,2023-04-17 00:00:00
309,4916,Astral Ltd.,2023-08-08 00:00:00,1965.5,2023-08-08 00:00:00
310,4916,Astral Ltd.,2023-10-17 00:00:00,1967.2,2023-10-17 00:00:00
311,4916,Astral Ltd.,2024-01-02 00:00:00,1899.7,2024-01-02 00:00:00
312,5311,Mahindra & Mahindra Ltd.,2020-12-02 00:00:00,753.6,2020-12-02 00:00:00
313,5311,Mahindra & Mahindra Ltd.,2021-04-09 00:00:00,791.15,2021-04-09 00:00:00
314,5311,Mahindra & Mahindra Ltd.,2021-06-29 00:00:00,781.6,2021-06-29 00:00:00
315,5311,Mahindra & Mahindra Ltd.,2021-10-12 00:00:00,890.1,2021-10-12 00:00:00
316,5311,Mahindra & Mahindra Ltd.,2022-01-06 00:00:00,839.85,2022-01-06 00:00:00
317,5311,Mahindra & Mahindra Ltd.,2022-04-12 00:00:00,860.8,2022-04-12 00:00:00
318,5311,Mahindra & Mahindra Ltd.,2022-08-02 00:00:00,1254.5,2022-08-02 00:00:00
319,5311,Mahindra & Mahindra Ltd.,2022-11-02 00:00:00,1352.35,2022-11-02 00:00:00
320,5311,Mahindra & Mahindra Ltd.,2022-12-23 00:00:00,1224.6,2022-12-23 00:00:00
321,5311,Mahindra & Mahindra Ltd.,2023-05-19 00:00:00,1260.4,2023-05-19 00:00:00
322,5311,Mahindra & Mahindra Ltd.,2023-07-24 00:00:00,1546.85,2023-07-24 00:00:00
323,5311,Mahindra & Mahindra Ltd.,2023-10-31 00:00:00,1458.6,2023-10-31 00:00:00
324,5311,Mahindra & Mahindra Ltd.,2024-01-02 00:00:00,1656.2,2024-01-02 00:00:00
325,7239,Maruti Suzuki India Ltd.,2022-02-18 00:00:00,8569.1,2022-02-18 00:00:00
326,7239,Maruti Suzuki India Ltd.,2022-07-08 00:00:00,8475.95,2022-07-08 00:00:00
327,7239,Maruti Suzuki India Ltd.,2022-10-18 00:00:00,8807.35,2022-10-18 00:00:00
328,7239,Maruti Suzuki India Ltd.,2022-12-23 00:00:00,8141.6,2022-12-23 00:00:00
329,7239,Maruti Suzuki India Ltd.,2023-02-28 00:00:00,8624.35,2023-02-28 00:00:00
330,7239,Maruti Suzuki India Ltd.,2023-06-07 00:00:00,9707.5,2023-06-07 00:00:00
331,7239,Maruti Suzuki India Ltd.,2023-08-17 00:00:00,9375.3,2023-08-17 00:00:00
332,7239,Maruti Suzuki India Ltd.,2024-01-02 00:00:00,10197.75,2024-01-02 00:00:00
333,5440,Relaxo Footwears Ltd.,2021-04-11 00:00:00,945.15,2021-04-09 00:00:00
334,5440,Relaxo Footwears Ltd.,2021-07-05 00:00:00,1194.5,2021-07-05 00:00:00
335,5440,Relaxo Footwears Ltd.,2021-09-24 00:00:00,1161.55,2021-09-24 00:00:00
336,5440,Relaxo Footwears Ltd.,2022-01-14 00:00:00,1331.5,2022-01-14 00:00:00
337,5440,Relaxo Footwears Ltd.,2022-04-27 00:00:00,1078.05,2022-04-27 00:00:00
338,5440,Relaxo Footwears Ltd.,2022-07-22 00:00:00,1007.95,2022-07-22 00:00:00
339,5440,Relaxo Footwears Ltd.,2022-10-07 00:00:00,1010.7,2022-10-07 00:00:00
340,5440,Relaxo Footwears Ltd.,2022-12-15 00:00:00,929.85,2022-12-15 00:00:00
341,5440,Relaxo Footwears Ltd.,2023-04-05 00:00:00,838.95,2023-04-05 00:00:00
342,5440,Relaxo Footwears Ltd.,2023-07-18 00:00:00,939.75,2023-07-18 00:00:00
343,5440,Relaxo Footwears Ltd.,2023-10-30 00:00:00,890.55,2023-10-30 00:00:00
344,5440,Relaxo Footwears Ltd.,2024-01-02 00:00:00,902.7,2024-01-02 00:00:00
345,5695,Supreme Industries Ltd.,2020-11-30 00:00:00,1630.95,2020-11-27 00:00:00
346,5695,Supreme Industries Ltd.,2021-01-30 00:00:00,1808.3,2021-01-29 00:00:00
347,5695,Supreme Industries Ltd.,2021-05-18 00:00:00,2266.5,2021-05-18 00:00:00
348,5695,Supreme Industries Ltd.,2021-08-23 00:00:00,1960.25,2021-08-23 00:00:00
349,5695,Supreme Industries Ltd.,2021-12-24 00:00:00,2218.95,2021-12-24 00:00:00
350,5695,Supreme Industries Ltd.,2022-04-13 00:00:00,2039.55,2022-04-13 00:00:00
351,5695,Supreme Industries Ltd.,2022-07-19 00:00:00,1892.9,2022-07-19 00:00:00
352,5695,Supreme Industries Ltd.,2022-09-07 00:00:00,2123.25,2022-09-07 00:00:00
353,5695,Supreme Industries Ltd.,2022-11-22 00:00:00,2257.6,2022-11-22 00:00:00
354,5695,Supreme Industries Ltd.,2023-03-01 00:00:00,2734.75,2023-03-01 00:00:00
355,5695,Supreme Industries Ltd.,2023-07-19 00:00:00,3485.05,2023-07-19 00:00:00
356,5695,Supreme Industries Ltd.,2023-10-19 00:00:00,4645.75,2023-10-19 00:00:00
357,5695,Supreme Industries Ltd.,2024-01-02 00:00:00,4484.2,2024-01-02 00:00:00
358,6678,Apollo Tyres Ltd.,2023-02-15 00:00:00,327.8,2023-02-15 00:00:00
359,6678,Apollo Tyres Ltd.,2023-07-12 00:00:00,432.6,2023-07-12 00:00:00
360,6678,Apollo Tyres Ltd.,2023-10-31 00:00:00,381.3,2023-10-31 00:00:00
361,6678,Apollo Tyres Ltd.,2023-12-29 00:00:00,454.05,2023-12-29 00:00:00
362,7951,Balkrishna Industries Ltd.,2020-10-04 00:00:00,1463.05,2020-10-01 00:00:00
363,7951,Balkrishna Industries Ltd.,2020-11-19 00:00:00,1596.0,2020-11-19 00:00:00
364,7951,Balkrishna Industries Ltd.,2021-03-08 00:00:00,1600.0,2021-03-08 00:00:00
365,7951,Balkrishna Industries Ltd.,2021-06-09 00:00:00,2248.75,2021-06-09 00:00:00
366,7951,Balkrishna Industries Ltd.,2021-08-29 00:00:00,2290.85,2021-08-27 00:00:00
367,7951,Balkrishna Industries Ltd.,2021-12-15 00:00:00,2247.8,2021-12-15 00:00:00
368,7951,Balkrishna Industries Ltd.,2022-03-17 00:00:00,2132.5,2022-03-17 00:00:00
369,7951,Balkrishna Industries Ltd.,2022-07-18 00:00:00,2291.3,2022-07-18 00:00:00
370,7951,Balkrishna Industries Ltd.,2022-10-18 00:00:00,1914.55,2022-10-18 00:00:00
371,7951,Balkrishna Industries Ltd.,2022-11-22 00:00:00,1950.3,2022-11-22 00:00:00
372,7951,Balkrishna Industries Ltd.,2023-05-02 00:00:00,2113.0,2023-05-02 00:00:00
373,7951,Balkrishna Industries Ltd.,2023-07-17 00:00:00,2419.45,2023-07-17 00:00:00
374,7951,Balkrishna Industries Ltd.,2023-10-19 00:00:00,2576.1,2023-10-19 00:00:00
375,7951,Balkrishna Industries Ltd.,2023-12-29 00:00:00,2568.55,2023-12-29 00:00:00
376,8292,KEI Industries Ltd.,2022-09-19 00:00:00,1507.25,2022-09-19 00:00:00
377,8292,KEI Industries Ltd.,2023-01-09 00:00:00,1489.95,2023-01-09 00:00:00
378,8292,KEI Industries Ltd.,2023-04-26 00:00:00,1890.65,2023-04-26 00:00:00
379,8292,KEI Industries Ltd.,2023-07-12 00:00:00,2420.95,2023-07-12 00:00:00
380,8292,KEI Industries Ltd.,2023-10-03 00:00:00,2700.6,2023-10-03 00:00:00
381,8292,KEI Industries Ltd.,2023-12-29 00:00:00,3249.45,2023-12-29 00:00:00
382,7864,Page Industries Ltd.,2022-01-07 00:00:00,44087.15,2022-01-07 00:00:00
383,7864,Page Industries Ltd.,2022-03-30 00:00:00,41952.7,2022-03-30 00:00:00
384,7864,Page Industries Ltd.,2022-07-07 00:00:00,44014.3,2022-07-07 00:00:00
385,7864,Page Industries Ltd.,2022-09-20 00:00:00,50355.45,2022-09-20 00:00:00
386,7864,Page Industries Ltd.,2022-12-27 00:00:00,43611.45,2022-12-27 00:00:00
387,7864,Page Industries Ltd.,2023-04-06 00:00:00,36462.65,2023-04-06 00:00:00
388,7864,Page Industries Ltd.,2023-06-07 00:00:00,39272.85,2023-06-07 00:00:00
389,7864,Page Industries Ltd.,2023-08-28 00:00:00,39611.9,2023-08-28 00:00:00
390,7864,Page Industries Ltd.,2023-12-29 00:00:00,38512.75,2023-12-29 00:00:00
391,90516,Polycab India Ltd.,2021-09-19 00:00:00,2505.75,2021-09-17 00:00:00
392,90516,Polycab India Ltd.,2021-12-03 00:00:00,2364.9,2021-12-03 00:00:00
393,90516,Polycab India Ltd.,2022-03-30 00:00:00,2362.35,2022-03-30 00:00:00
394,90516,Polycab India Ltd.,2022-07-13 00:00:00,2212.2,2022-07-13 00:00:00
395,90516,Polycab India Ltd.,2022-09-09 00:00:00,2528.7,2022-09-09 00:00:00
396,90516,Polycab India Ltd.,2022-12-23 00:00:00,2513.9,2022-12-23 00:00:00
397,90516,Polycab India Ltd.,2023-05-08 00:00:00,3262.9,2023-05-08 00:00:00
398,90516,Polycab India Ltd.,2023-07-12 00:00:00,3800.5,2023-07-12 00:00:00
399,90516,Polycab India Ltd.,2023-10-03 00:00:00,5373.25,2023-10-03 00:00:00
400,90516,Polycab India Ltd.,2023-12-29 00:00:00,5484.85,2023-12-29 00:00:00
401,90490,Prince Pipes and Fittings Ltd.,2021-09-26 00:00:00,698.6,2021-09-24 00:00:00
402,90490,Prince Pipes and Fittings Ltd.,2021-12-01 00:00:00,744.85,2021-12-01 00:00:00
403,90490,Prince Pipes and Fittings Ltd.,2022-04-08 00:00:00,711.3,2022-04-08 00:00:00
404,90490,Prince Pipes and Fittings Ltd.,2022-07-11 00:00:00,588.45,2022-07-11 00:00:00
405,90490,Prince Pipes and Fittings Ltd.,2022-11-04 00:00:00,555.5,2022-11-04 00:00:00
406,90490,Prince Pipes and Fittings Ltd.,2022-12-29 00:00:00,595.35,2022-12-29 00:00:00
407,90490,Prince Pipes and Fittings Ltd.,2023-04-27 00:00:00,597.6,2023-04-27 00:00:00
408,90490,Prince Pipes and Fittings Ltd.,2023-07-12 00:00:00,633.9,2023-07-12 00:00:00
409,90490,Prince Pipes and Fittings Ltd.,2023-10-20 00:00:00,690.35,2023-10-20 00:00:00
410,90490,Prince Pipes and Fittings Ltd.,2023-12-29 00:00:00,742.75,2023-12-29 00:00:00
411,7600,TTK Prestige Ltd.,2021-10-03 00:00:00,887.84,2021-10-01 00:00:00
412,7600,TTK Prestige Ltd.,2021-12-31 00:00:00,986.7,2021-12-31 00:00:00
413,7600,TTK Prestige Ltd.,2022-03-30 00:00:00,818.7,2022-03-30 00:00:00
414,7600,TTK Prestige Ltd.,2022-07-15 00:00:00,835.55,2022-07-15 00:00:00
415,7600,TTK Prestige Ltd.,2022-09-08 00:00:00,994.75,2022-09-08 00:00:00
416,7600,TTK Prestige Ltd.,2022-12-27 00:00:00,817.3,2022-12-27 00:00:00
417,7600,TTK Prestige Ltd.,2023-05-16 00:00:00,723.2,2023-05-16 00:00:00
418,7600,TTK Prestige Ltd.,2023-07-20 00:00:00,798.9,2023-07-20 00:00:00
419,7600,TTK Prestige Ltd.,2023-09-29 00:00:00,783.2,2023-09-29 00:00:00
420,7600,TTK Prestige Ltd.,2023-12-29 00:00:00,741.3,2023-12-29 00:00:00
421,90008,Angel One Ltd.,2023-03-16 00:00:00,1045.25,2023-03-16 00:00:00
422,90008,Angel One Ltd.,2023-05-30 00:00:00,1300.95,2023-05-30 00:00:00
423,90008,Angel One Ltd.,2023-09-15 00:00:00,1893.55,2023-09-15 00:00:00
424,90008,Angel One Ltd.,2023-12-28 00:00:00,3419.1,2023-12-28 00:00:00
425,7782,Cera Sanitaryware Ltd.,2021-06-30 00:00:00,4484.7,2021-06-30 00:00:00
426,7782,Cera Sanitaryware Ltd.,2021-10-22 00:00:00,5395.75,2021-10-22 00:00:00
427,7782,Cera Sanitaryware Ltd.,2022-01-07 00:00:00,4828.05,2022-01-07 00:00:00
428,7782,Cera Sanitaryware Ltd.,2022-04-11 00:00:00,4766.05,2022-04-11 00:00:00
429,7782,Cera Sanitaryware Ltd.,2022-07-27 00:00:00,4507.55,2022-07-27 00:00:00
430,7782,Cera Sanitaryware Ltd.,2022-11-02 00:00:00,5430.7,2022-11-02 00:00:00
431,7782,Cera Sanitaryware Ltd.,2023-01-11 00:00:00,5361.35,2023-01-11 00:00:00
432,7782,Cera Sanitaryware Ltd.,2023-05-04 00:00:00,6448.65,2023-05-04 00:00:00
433,7782,Cera Sanitaryware Ltd.,2023-07-18 00:00:00,7396.9,2023-07-18 00:00:00
434,7782,Cera Sanitaryware Ltd.,2023-10-30 00:00:00,8524.0,2023-10-30 00:00:00
435,7782,Cera Sanitaryware Ltd.,2023-12-28 00:00:00,7929.95,2023-12-28 00:00:00
436,88033,HDFC Asset Management Company Ltd.,2021-05-02 00:00:00,2776.35,2021-04-30 00:00:00
437,88033,HDFC Asset Management Company Ltd.,2021-08-11 00:00:00,2946.25,2021-08-11 00:00:00
438,88033,HDFC Asset Management Company Ltd.,2021-12-23 00:00:00,2378.3,2021-12-23 00:00:00
439,88033,HDFC Asset Management Company Ltd.,2022-02-24 00:00:00,2021.05,2022-02-24 00:00:00
440,88033,HDFC Asset Management Company Ltd.,2022-06-10 00:00:00,1868.35,2022-06-10 00:00:00
441,88033,HDFC Asset Management Company Ltd.,2022-10-14 00:00:00,1896.85,2022-10-14 00:00:00
442,88033,HDFC Asset Management Company Ltd.,2023-01-06 00:00:00,2135.4,2023-01-06 00:00:00
443,88033,HDFC Asset Management Company Ltd.,2023-03-02 00:00:00,1791.1,2023-03-02 00:00:00
444,88033,HDFC Asset Management Company Ltd.,2023-06-14 00:00:00,1933.85,2023-06-14 00:00:00
445,88033,HDFC Asset Management Company Ltd.,2023-09-18 00:00:00,2648.55,2023-09-18 00:00:00
446,88033,HDFC Asset Management Company Ltd.,2023-12-28 00:00:00,3213.95,2023-12-28 00:00:00
447,88005,ICICI Securities Ltd.,2023-02-22 00:00:00,477.25,2023-02-22 00:00:00
448,88005,ICICI Securities Ltd.,2023-06-12 00:00:00,517.45,2023-06-12 00:00:00
449,88005,ICICI Securities Ltd.,2023-10-12 00:00:00,637.65,2023-10-12 00:00:00
450,88005,ICICI Securities Ltd.,2023-12-28 00:00:00,720.05,2023-12-28 00:00:00
451,5796,Kajaria Ceramics Ltd.,2022-05-13 00:00:00,970.25,2022-05-13 00:00:00
452,5796,Kajaria Ceramics Ltd.,2022-07-08 00:00:00,1027.5,2022-07-08 00:00:00
453,5796,Kajaria Ceramics Ltd.,2022-09-23 00:00:00,1206.4,2022-09-23 00:00:00
454,5796,Kajaria Ceramics Ltd.,2022-12-30 00:00:00,1160.2,2022-12-30 00:00:00
455,5796,Kajaria Ceramics Ltd.,2023-04-27 00:00:00,1101.05,2023-04-27 00:00:00
456,5796,Kajaria Ceramics Ltd.,2023-06-14 00:00:00,1289.6,2023-06-14 00:00:00
457,5796,Kajaria Ceramics Ltd.,2023-10-19 00:00:00,1259.75,2023-10-19 00:00:00
458,5796,Kajaria Ceramics Ltd.,2023-12-28 00:00:00,1324.3,2023-12-28 00:00:00
459,5788,Britannia Industries Ltd.,2021-02-21 00:00:00,3331.2,2021-02-19 00:00:00
460,5788,Britannia Industries Ltd.,2021-05-12 00:00:00,3439.55,2021-05-12 00:00:00
461,5788,Britannia Industries Ltd.,2021-09-16 00:00:00,4073.05,2021-09-16 00:00:00
462,5788,Britannia Industries Ltd.,2021-12-10 00:00:00,3632.45,2021-12-10 00:00:00
463,5788,Britannia Industries Ltd.,2022-03-15 00:00:00,3222.85,2022-03-15 00:00:00
464,5788,Britannia Industries Ltd.,2022-07-22 00:00:00,3871.45,2022-07-22 00:00:00
465,5788,Britannia Industries Ltd.,2022-09-07 00:00:00,3667.9,2022-09-07 00:00:00
466,5788,Britannia Industries Ltd.,2022-12-08 00:00:00,4394.9,2022-12-08 00:00:00
467,5788,Britannia Industries Ltd.,2023-03-29 00:00:00,4276.2,2023-03-29 00:00:00
468,5788,Britannia Industries Ltd.,2023-07-25 00:00:00,4885.6,2023-07-25 00:00:00
469,5788,Britannia Industries Ltd.,2023-10-04 00:00:00,4532.5,2023-10-04 00:00:00
470,5788,Britannia Industries Ltd.,2023-12-27 00:00:00,5216.8,2023-12-27 00:00:00
471,6609,CCL Products (India) Ltd.,2023-03-22 00:00:00,559.9,2023-03-22 00:00:00
472,6609,CCL Products (India) Ltd.,2023-07-12 00:00:00,726.75,2023-07-12 00:00:00
473,6609,CCL Products (India) Ltd.,2023-09-18 00:00:00,655.4,2023-09-18 00:00:00
474,6609,CCL Products (India) Ltd.,2023-12-27 00:00:00,635.3,2023-12-27 00:00:00
475,5969,Colgate-Palmolive (India) Ltd.,2020-12-28 00:00:00,1583.4,2020-12-28 00:00:00
476,5969,Colgate-Palmolive (India) Ltd.,2021-03-25 00:00:00,1530.25,2021-03-25 00:00:00
477,5969,Colgate-Palmolive (India) Ltd.,2021-07-08 00:00:00,1740.45,2021-07-08 00:00:00
478,5969,Colgate-Palmolive (India) Ltd.,2021-09-12 00:00:00,1735.5,2021-09-09 00:00:00
479,5969,Colgate-Palmolive (India) Ltd.,2022-01-14 00:00:00,1463.6,2022-01-14 00:00:00
480,5969,Colgate-Palmolive (India) Ltd.,2022-04-22 00:00:00,1602.35,2022-04-22 00:00:00
481,5969,Colgate-Palmolive (India) Ltd.,2022-07-20 00:00:00,1573.7,2022-07-20 00:00:00
482,5969,Colgate-Palmolive (India) Ltd.,2022-09-16 00:00:00,1563.25,2022-09-16 00:00:00
483,5969,Colgate-Palmolive (India) Ltd.,2022-12-08 00:00:00,1636.8,2022-12-08 00:00:00
484,5969,Colgate-Palmolive (India) Ltd.,2023-03-29 00:00:00,1495.45,2023-03-29 00:00:00
485,5969,Colgate-Palmolive (India) Ltd.,2023-07-25 00:00:00,1899.05,2023-07-25 00:00:00
486,5969,Colgate-Palmolive (India) Ltd.,2023-09-28 00:00:00,1979.2,2023-09-28 00:00:00
487,5969,Colgate-Palmolive (India) Ltd.,2023-12-27 00:00:00,2458.45,2023-12-27 00:00:00
488,7992,Jubilant FoodWorks Ltd.,2020-09-20 00:00:00,472.16,2020-09-18 00:00:00
489,7992,Jubilant FoodWorks Ltd.,2020-12-12 00:00:00,529.63,2020-12-11 00:00:00
490,7992,Jubilant FoodWorks Ltd.,2021-02-07 00:00:00,550.05,2021-02-05 00:00:00
491,7992,Jubilant FoodWorks Ltd.,2021-07-20 00:00:00,612.9,2021-07-20 00:00:00
492,7992,Jubilant FoodWorks Ltd.,2021-09-30 00:00:00,808.18,2021-09-30 00:00:00
493,7992,Jubilant FoodWorks Ltd.,2022-01-11 00:00:00,761.32,2022-01-11 00:00:00
494,7992,Jubilant FoodWorks Ltd.,2022-03-07 00:00:00,510.69,2022-03-07 00:00:00
495,7992,Jubilant FoodWorks Ltd.,2022-06-30 00:00:00,512.25,2022-06-30 00:00:00
496,7992,Jubilant FoodWorks Ltd.,2022-11-03 00:00:00,608.4,2022-11-03 00:00:00
497,7992,Jubilant FoodWorks Ltd.,2023-01-13 00:00:00,497.65,2023-01-13 00:00:00
498,7992,Jubilant FoodWorks Ltd.,2023-04-18 00:00:00,440.65,2023-04-18 00:00:00
499,7992,Jubilant FoodWorks Ltd.,2023-06-08 00:00:00,486.05,2023-06-08 00:00:00
500,7992,Jubilant FoodWorks Ltd.,2023-10-04 00:00:00,534.45,2023-10-04 00:00:00
501,7992,Jubilant FoodWorks Ltd.,2023-12-27 00:00:00,567.5,2023-12-27 00:00:00
502,5891,Nestle India Ltd.,2021-01-11 00:00:00,1839.14,2021-01-11 00:00:00
503,5891,Nestle India Ltd.,2021-04-04 00:00:00,1708.32,2021-04-01 00:00:00
504,5891,Nestle India Ltd.,2021-05-04 00:00:00,1654.66,2021-05-04 00:00:00
505,5891,Nestle India Ltd.,2021-09-05 00:00:00,2026.66,2021-09-03 00:00:00
506,5891,Nestle India Ltd.,2021-12-03 00:00:00,1932.14,2021-12-03 00:00:00
507,5891,Nestle India Ltd.,2022-04-20 00:00:00,1830.52,2022-04-20 00:00:00
508,5891,Nestle India Ltd.,2022-07-20 00:00:00,1861.71,2022-07-20 00:00:00
509,5891,Nestle India Ltd.,2022-10-17 00:00:00,1892.02,2022-10-17 00:00:00
510,5891,Nestle India Ltd.,2022-12-20 00:00:00,2013.56,2022-12-20 00:00:00
511,5891,Nestle India Ltd.,2023-04-06 00:00:00,1970.82,2023-04-06 00:00:00
512,5891,Nestle India Ltd.,2023-07-12 00:00:00,2306.0,2023-07-12 00:00:00
513,5891,Nestle India Ltd.,2023-09-28 00:00:00,2253.84,2023-09-28 00:00:00
514,5891,Nestle India Ltd.,2023-12-27 00:00:00,2572.04,2023-12-27 00:00:00
515,6023,Westlife Foodworld Ltd,2023-01-03 00:00:00,763.45,2023-01-03 00:00:00
516,6023,Westlife Foodworld Ltd,2023-04-18 00:00:00,706.55,2023-04-18 00:00:00
517,6023,Westlife Foodworld Ltd,2023-07-13 00:00:00,898.55,2023-07-13 00:00:00
518,6023,Westlife Foodworld Ltd,2023-10-25 00:00:00,899.15,2023-10-25 00:00:00
519,6023,Westlife Foodworld Ltd,2023-12-27 00:00:00,803.1,2023-12-27 00:00:00
520,4956,Dabur India Ltd.,2021-02-03 00:00:00,524.75,2021-02-03 00:00:00
521,4956,Dabur India Ltd.,2021-05-22 00:00:00,536.75,2021-05-21 00:00:00
522,4956,Dabur India Ltd.,2021-08-12 00:00:00,575.4,2021-08-12 00:00:00
523,4956,Dabur India Ltd.,2021-12-20 00:00:00,558.2,2021-12-20 00:00:00
524,4956,Dabur India Ltd.,2022-04-04 00:00:00,544.65,2022-04-04 00:00:00
525,4956,Dabur India Ltd.,2022-07-04 00:00:00,525.0,2022-07-04 00:00:00
526,4956,Dabur India Ltd.,2022-10-25 00:00:00,532.15,2022-10-25 00:00:00
527,4956,Dabur India Ltd.,2023-01-13 00:00:00,543.7,2023-01-13 00:00:00
528,4956,Dabur India Ltd.,2023-04-17 00:00:00,524.1,2023-04-17 00:00:00
529,4956,Dabur India Ltd.,2023-07-14 00:00:00,586.5,2023-07-14 00:00:00
530,4956,Dabur India Ltd.,2023-09-29 00:00:00,551.6,2023-09-29 00:00:00
531,4956,Dabur India Ltd.,2023-12-26 00:00:00,530.6,2023-12-26 00:00:00
532,7404,KNR Constructions Ltd.,2021-07-14 00:00:00,242.6,2021-07-14 00:00:00
533,7404,KNR Constructions Ltd.,2021-10-20 00:00:00,302.55,2021-10-20 00:00:00
534,7404,KNR Constructions Ltd.,2022-01-05 00:00:00,294.65,2022-01-05 00:00:00
535,7404,KNR Constructions Ltd.,2022-05-02 00:00:00,272.8,2022-05-02 00:00:00
536,7404,KNR Constructions Ltd.,2022-07-27 00:00:00,251.95,2022-07-27 00:00:00
537,7404,KNR Constructions Ltd.,2022-10-07 00:00:00,231.75,2022-10-07 00:00:00
538,7404,KNR Constructions Ltd.,2022-12-08 00:00:00,270.55,2022-12-08 00:00:00
539,7404,KNR Constructions Ltd.,2023-04-13 00:00:00,243.9,2023-04-13 00:00:00
540,7404,KNR Constructions Ltd.,2023-06-09 00:00:00,234.15,2023-06-09 00:00:00
541,7404,KNR Constructions Ltd.,2023-11-08 00:00:00,266.95,2023-11-08 00:00:00
542,7404,KNR Constructions Ltd.,2023-12-26 00:00:00,265.8,2023-12-26 00:00:00
543,5699,Marico Ltd.,2023-05-18 00:00:00,532.8,2023-05-18 00:00:00
544,5699,Marico Ltd.,2023-10-09 00:00:00,538.05,2023-10-09 00:00:00
545,5699,Marico Ltd.,2023-12-26 00:00:00,529.45,2023-12-26 00:00:00
546,15637,PNC Infratech Ltd.,2021-04-30 00:00:00,237.45,2021-04-30 00:00:00
547,15637,PNC Infratech Ltd.,2021-07-06 00:00:00,295.55,2021-07-06 00:00:00
548,15637,PNC Infratech Ltd.,2021-09-23 00:00:00,354.85,2021-09-23 00:00:00
549,15637,PNC Infratech Ltd.,2022-01-13 00:00:00,301.7,2022-01-13 00:00:00
550,15637,PNC Infratech Ltd.,2022-04-18 00:00:00,248.6,2022-04-18 00:00:00
551,15637,PNC Infratech Ltd.,2022-07-22 00:00:00,249.15,2022-07-22 00:00:00
552,15637,PNC Infratech Ltd.,2022-09-30 00:00:00,265.15,2022-09-30 00:00:00
553,15637,PNC Infratech Ltd.,2022-12-05 00:00:00,266.15,2022-12-05 00:00:00
554,15637,PNC Infratech Ltd.,2023-04-11 00:00:00,288.0,2023-04-11 00:00:00
555,15637,PNC Infratech Ltd.,2023-06-05 00:00:00,314.05,2023-06-05 00:00:00
556,15637,PNC Infratech Ltd.,2023-10-27 00:00:00,340.05,2023-10-27 00:00:00
557,15637,PNC Infratech Ltd.,2023-12-26 00:00:00,351.5,2023-12-26 00:00:00
558,5631,Procter & Gamble Hygiene and Health Care Ltd.,2023-05-17 00:00:00,13840.5,2023-05-17 00:00:00
559,5631,Procter & Gamble Hygiene and Health Care Ltd.,2023-10-06 00:00:00,17891.7,2023-10-06 00:00:00
560,5631,Procter & Gamble Hygiene and Health Care Ltd.,2023-12-26 00:00:00,17168.45,2023-12-26 00:00:00
561,7888,Zydus Wellness Ltd.,2023-01-27 00:00:00,1443.85,2023-01-27 00:00:00
562,7888,Zydus Wellness Ltd.,2023-05-09 00:00:00,1512.0,2023-05-09 00:00:00
563,7888,Zydus Wellness Ltd.,2023-07-13 00:00:00,1460.45,2023-07-13 00:00:00
564,7888,Zydus Wellness Ltd.,2023-11-02 00:00:00,1547.85,2023-11-02 00:00:00
565,7888,Zydus Wellness Ltd.,2023-12-26 00:00:00,1604.1,2023-12-26 00:00:00
566,4941,ACC Ltd.,2022-02-25 00:00:00,2059.55,2022-02-25 00:00:00
567,4941,ACC Ltd.,2022-06-06 00:00:00,2138.25,2022-06-06 00:00:00
568,4941,ACC Ltd.,2022-10-14 00:00:00,2243.65,2022-10-14 00:00:00
569,4941,ACC Ltd.,2023-01-06 00:00:00,2415.95,2023-01-06 00:00:00
570,4941,ACC Ltd.,2023-04-19 00:00:00,1749.3,2023-04-19 00:00:00
571,4941,ACC Ltd.,2023-07-18 00:00:00,1795.1,2023-07-18 00:00:00
572,4941,ACC Ltd.,2023-10-19 00:00:00,2030.55,2023-10-19 00:00:00
573,4941,ACC Ltd.,2023-12-22 00:00:00,2090.75,2023-12-22 00:00:00
574,5218,Ambuja Cements Ltd.,2023-03-29 00:00:00,363.9,2023-03-29 00:00:00
575,5218,Ambuja Cements Ltd.,2023-07-18 00:00:00,416.2,2023-07-18 00:00:00
576,5218,Ambuja Cements Ltd.,2023-10-30 00:00:00,421.95,2023-10-30 00:00:00
577,5218,Ambuja Cements Ltd.,2023-12-22 00:00:00,503.8,2023-12-22 00:00:00
578,4978,Asian Paints Ltd.,2021-04-14 00:00:00,2570.7,2021-04-13 00:00:00
579,4978,Asian Paints Ltd.,2021-07-17 00:00:00,2989.3,2021-07-16 00:00:00
580,4978,Asian Paints Ltd.,2021-10-07 00:00:00,3290.85,2021-10-07 00:00:00
581,4978,Asian Paints Ltd.,2022-01-03 00:00:00,3422.4,2022-01-03 00:00:00
582,4978,Asian Paints Ltd.,2022-02-11 00:00:00,3216.3,2022-02-11 00:00:00
583,4978,Asian Paints Ltd.,2022-07-20 00:00:00,3006.45,2022-07-20 00:00:00
584,4978,Asian Paints Ltd.,2022-10-17 00:00:00,3197.6,2022-10-17 00:00:00
585,4978,Asian Paints Ltd.,2023-01-11 00:00:00,2940.4,2023-01-11 00:00:00
586,4978,Asian Paints Ltd.,2023-05-04 00:00:00,2982.85,2023-05-04 00:00:00
587,4978,Asian Paints Ltd.,2023-07-21 00:00:00,3517.7,2023-07-21 00:00:00
588,4978,Asian Paints Ltd.,2023-09-01 00:00:00,3259.55,2023-09-01 00:00:00
589,4978,Asian Paints Ltd.,2023-12-22 00:00:00,3341.3,2023-12-22 00:00:00
590,6783,Berger Paints India Ltd.,2022-05-20 00:00:00,525.29,2022-05-20 00:00:00
591,6783,Berger Paints India Ltd.,2022-07-19 00:00:00,482.5,2022-07-19 00:00:00
592,6783,Berger Paints India Ltd.,2022-11-04 00:00:00,503.54,2022-11-04 00:00:00
593,6783,Berger Paints India Ltd.,2022-12-26 00:00:00,487.83,2022-12-26 00:00:00
594,6783,Berger Paints India Ltd.,2023-05-12 00:00:00,528.04,2023-05-12 00:00:00
595,6783,Berger Paints India Ltd.,2023-07-26 00:00:00,561.25,2023-07-26 00:00:00
596,6783,Berger Paints India Ltd.,2023-09-15 00:00:00,599.75,2023-09-15 00:00:00
597,6783,Berger Paints India Ltd.,2023-12-22 00:00:00,583.15,2023-12-22 00:00:00
598,97684,Indigo Paints Ltd.,2023-01-13 00:00:00,1281.7,2023-01-13 00:00:00
599,97684,Indigo Paints Ltd.,2023-05-16 00:00:00,1317.35,2023-05-16 00:00:00
600,97684,Indigo Paints Ltd.,2023-07-20 00:00:00,1501.7,2023-07-20 00:00:00
601,97684,Indigo Paints Ltd.,2023-09-18 00:00:00,1533.25,2023-09-18 00:00:00
602,97684,Indigo Paints Ltd.,2023-12-22 00:00:00,1465.6,2023-12-22 00:00:00
603,7039,Kansai Nerolac Paints Ltd.,2021-11-22 00:00:00,393.3,2021-11-22 00:00:00
604,7039,Kansai Nerolac Paints Ltd.,2022-03-10 00:00:00,301.1,2022-03-10 00:00:00
605,7039,Kansai Nerolac Paints Ltd.,2022-07-08 00:00:00,260.57,2022-07-08 00:00:00
606,7039,Kansai Nerolac Paints Ltd.,2022-10-28 00:00:00,317.47,2022-10-28 00:00:00
607,7039,Kansai Nerolac Paints Ltd.,2022-12-26 00:00:00,287.0,2022-12-26 00:00:00
608,7039,Kansai Nerolac Paints Ltd.,2023-05-04 00:00:00,262.87,2023-05-04 00:00:00
609,7039,Kansai Nerolac Paints Ltd.,2023-07-21 00:00:00,322.8,2023-07-21 00:00:00
610,7039,Kansai Nerolac Paints Ltd.,2023-09-18 00:00:00,327.9,2023-09-18 00:00:00
611,7039,Kansai Nerolac Paints Ltd.,2023-12-22 00:00:00,322.45,2023-12-22 00:00:00
612,98823,Nuvoco Vistas Corporation Ltd.,2023-01-27 00:00:00,353.5,2023-01-27 00:00:00
613,98823,Nuvoco Vistas Corporation Ltd.,2023-04-20 00:00:00,334.2,2023-04-20 00:00:00
614,98823,Nuvoco Vistas Corporation Ltd.,2023-07-19 00:00:00,355.15,2023-07-19 00:00:00
615,98823,Nuvoco Vistas Corporation Ltd.,2023-10-30 00:00:00,344.7,2023-10-30 00:00:00
616,98823,Nuvoco Vistas Corporation Ltd.,2023-12-22 00:00:00,374.9,2023-12-22 00:00:00
617,6261,The Ramco Cements Ltd.,2021-08-25 00:00:00,970.9,2021-08-25 00:00:00
618,6261,The Ramco Cements Ltd.,2022-01-07 00:00:00,1028.35,2022-01-07 00:00:00
619,6261,The Ramco Cements Ltd.,2022-03-21 00:00:00,742.0,2022-03-21 00:00:00
620,6261,The Ramco Cements Ltd.,2022-06-16 00:00:00,585.4,2022-06-16 00:00:00
621,6261,The Ramco Cements Ltd.,2022-11-02 00:00:00,725.75,2022-11-02 00:00:00
622,6261,The Ramco Cements Ltd.,2023-01-06 00:00:00,713.85,2023-01-06 00:00:00
623,6261,The Ramco Cements Ltd.,2023-04-21 00:00:00,725.55,2023-04-21 00:00:00
624,6261,The Ramco Cements Ltd.,2023-06-13 00:00:00,933.85,2023-06-13 00:00:00
625,6261,The Ramco Cements Ltd.,2023-11-03 00:00:00,983.6,2023-11-03 00:00:00
626,6261,The Ramco Cements Ltd.,2023-12-22 00:00:00,979.75,2023-12-22 00:00:00
627,83193,Varun Beverages Ltd.,2022-09-30 00:00:00,522.1,2022-09-30 00:00:00
628,83193,Varun Beverages Ltd.,2022-12-29 00:00:00,678.6,2022-12-29 00:00:00
629,83193,Varun Beverages Ltd.,2023-04-24 00:00:00,724.85,2023-04-24 00:00:00
630,83193,Varun Beverages Ltd.,2023-07-13 00:00:00,832.85,2023-07-13 00:00:00
631,83193,Varun Beverages Ltd.,2023-10-10 00:00:00,927.95,2023-10-10 00:00:00
632,83193,Varun Beverages Ltd.,2023-12-22 00:00:00,1238.6,2023-12-22 00:00:00
633,90577,Dalmia Bharat Ltd.,2023-02-17 00:00:00,1945.1,2023-02-17 00:00:00
634,90577,Dalmia Bharat Ltd.,2023-06-20 00:00:00,2240.5,2023-06-20 00:00:00
635,90577,Dalmia Bharat Ltd.,2023-10-11 00:00:00,2301.1,2023-10-11 00:00:00
636,90577,Dalmia Bharat Ltd.,2023-12-20 00:00:00,2184.25,2023-12-20 00:00:00
637,5431,GAIL (India) Ltd.,2021-03-20 00:00:00,92.33,2021-03-19 00:00:00
638,5431,GAIL (India) Ltd.,2021-08-03 00:00:00,95.53,2021-08-03 00:00:00
639,5431,GAIL (India) Ltd.,2021-10-11 00:00:00,105.83,2021-10-11 00:00:00
640,5431,GAIL (India) Ltd.,2022-01-05 00:00:00,90.7,2022-01-05 00:00:00
641,5431,GAIL (India) Ltd.,2022-04-29 00:00:00,106.1,2022-04-29 00:00:00
642,5431,GAIL (India) Ltd.,2022-07-20 00:00:00,94.37,2022-07-20 00:00:00
643,5431,GAIL (India) Ltd.,2022-10-11 00:00:00,86.2,2022-10-11 00:00:00
644,5431,GAIL (India) Ltd.,2022-12-09 00:00:00,90.85,2022-12-09 00:00:00
645,5431,GAIL (India) Ltd.,2023-04-11 00:00:00,106.05,2023-04-11 00:00:00
646,5431,GAIL (India) Ltd.,2023-07-19 00:00:00,109.5,2023-07-19 00:00:00
647,5431,GAIL (India) Ltd.,2023-10-30 00:00:00,118.7,2023-10-30 00:00:00
648,5431,GAIL (India) Ltd.,2023-12-20 00:00:00,137.75,2023-12-20 00:00:00
649,5173,Shree Cement Ltd.,2021-06-27 00:00:00,28729.1,2021-06-25 00:00:00
650,5173,Shree Cement Ltd.,2021-10-08 00:00:00,27757.15,2021-10-08 00:00:00
651,5173,Shree Cement Ltd.,2021-12-16 00:00:00,26366.05,2021-12-16 00:00:00
652,5173,Shree Cement Ltd.,2022-04-08 00:00:00,25260.65,2022-04-08 00:00:00
653,5173,Shree Cement Ltd.,2022-06-16 00:00:00,18711.85,2022-06-16 00:00:00
654,5173,Shree Cement Ltd.,2022-10-13 00:00:00,21075.65,2022-10-13 00:00:00
655,5173,Shree Cement Ltd.,2023-01-05 00:00:00,24238.0,2023-01-05 00:00:00
656,5173,Shree Cement Ltd.,2023-04-20 00:00:00,24254.4,2023-04-20 00:00:00
657,5173,Shree Cement Ltd.,2023-06-20 00:00:00,25949.2,2023-06-20 00:00:00
658,5173,Shree Cement Ltd.,2023-11-03 00:00:00,25957.85,2023-11-03 00:00:00
659,5173,Shree Cement Ltd.,2023-12-20 00:00:00,28253.0,2023-12-20 00:00:00
660,6850,Ultratech Cement Ltd.,2022-01-28 00:00:00,7109.85,2022-01-28 00:00:00
661,6850,Ultratech Cement Ltd.,2022-06-16 00:00:00,5305.25,2022-06-16 00:00:00
662,6850,Ultratech Cement Ltd.,2022-10-17 00:00:00,6271.5,2022-10-17 00:00:00
663,6850,Ultratech Cement Ltd.,2023-01-05 00:00:00,7007.0,2023-01-05 00:00:00
664,6850,Ultratech Cement Ltd.,2023-02-28 00:00:00,7261.3,2023-02-28 00:00:00
665,6850,Ultratech Cement Ltd.,2023-06-13 00:00:00,8276.3,2023-06-13 00:00:00
666,6850,Ultratech Cement Ltd.,2023-10-18 00:00:00,8278.3,2023-10-18 00:00:00
667,6850,Ultratech Cement Ltd.,2023-12-20 00:00:00,9887.45,2023-12-20 00:00:00
668,5614,Havells India Ltd.,2021-06-17 00:00:00,997.75,2021-06-17 00:00:00
669,5614,Havells India Ltd.,2021-10-18 00:00:00,1454.7,2021-10-18 00:00:00
670,5614,Havells India Ltd.,2022-01-17 00:00:00,1329.05,2022-01-17 00:00:00
671,5614,Havells India Ltd.,2022-04-22 00:00:00,1316.3,2022-04-22 00:00:00
672,5614,Havells India Ltd.,2022-07-15 00:00:00,1255.6,2022-07-15 00:00:00
673,5614,Havells India Ltd.,2022-10-17 00:00:00,1232.0,2022-10-17 00:00:00
674,5614,Havells India Ltd.,2023-01-04 00:00:00,1148.75,2023-01-04 00:00:00
675,5614,Havells India Ltd.,2023-04-19 00:00:00,1215.6,2023-04-19 00:00:00
676,5614,Havells India Ltd.,2023-07-12 00:00:00,1290.7,2023-07-12 00:00:00
677,5614,Havells India Ltd.,2023-10-10 00:00:00,1399.4,2023-10-10 00:00:00
678,5614,Havells India Ltd.,2023-12-19 00:00:00,1372.4,2023-12-19 00:00:00
679,5320,Godrej Consumer Products Ltd.,2021-01-31 00:00:00,744.65,2021-01-29 00:00:00
680,5320,Godrej Consumer Products Ltd.,2021-04-07 00:00:00,739.5,2021-04-07 00:00:00
681,5320,Godrej Consumer Products Ltd.,2021-07-30 00:00:00,987.8,2021-07-30 00:00:00
682,5320,Godrej Consumer Products Ltd.,2021-10-05 00:00:00,1042.1,2021-10-05 00:00:00
683,5320,Godrej Consumer Products Ltd.,2022-01-14 00:00:00,918.75,2022-01-14 00:00:00
684,5320,Godrej Consumer Products Ltd.,2022-03-25 00:00:00,684.85,2022-03-25 00:00:00
685,5320,Godrej Consumer Products Ltd.,2022-07-22 00:00:00,883.35,2022-07-22 00:00:00
686,5320,Godrej Consumer Products Ltd.,2022-11-03 00:00:00,831.75,2022-11-03 00:00:00
687,5320,Godrej Consumer Products Ltd.,2022-12-15 00:00:00,903.2,2022-12-15 00:00:00
688,5320,Godrej Consumer Products Ltd.,2023-04-21 00:00:00,987.15,2023-04-21 00:00:00
689,5320,Godrej Consumer Products Ltd.,2023-07-24 00:00:00,1036.4,2023-07-24 00:00:00
690,5320,Godrej Consumer Products Ltd.,2023-09-11 00:00:00,1033.9,2023-09-11 00:00:00
691,5320,Godrej Consumer Products Ltd.,2023-12-15 00:00:00,1042.15,2023-12-15 00:00:00
692,15760,Gujarat Gas Ltd.,2023-02-22 00:00:00,502.7,2023-02-22 00:00:00
693,15760,Gujarat Gas Ltd.,2023-07-14 00:00:00,460.2,2023-07-14 00:00:00
694,15760,Gujarat Gas Ltd.,2023-09-22 00:00:00,439.6,2023-09-22 00:00:00
695,15760,Gujarat Gas Ltd.,2023-12-15 00:00:00,448.4,2023-12-15 00:00:00
696,5732,Indraprastha Gas Ltd.,2020-10-11 00:00:00,381.5,2020-10-09 00:00:00
697,5732,Indraprastha Gas Ltd.,2020-11-19 00:00:00,442.25,2020-11-19 00:00:00
698,5732,Indraprastha Gas Ltd.,2021-03-31 00:00:00,512.35,2021-03-31 00:00:00
699,5732,Indraprastha Gas Ltd.,2021-07-20 00:00:00,538.2,2021-07-20 00:00:00
700,5732,Indraprastha Gas Ltd.,2021-10-06 00:00:00,516.7,2021-10-06 00:00:00
701,5732,Indraprastha Gas Ltd.,2022-01-11 00:00:00,463.5,2022-01-11 00:00:00
702,5732,Indraprastha Gas Ltd.,2022-03-31 00:00:00,373.15,2022-03-31 00:00:00
703,5732,Indraprastha Gas Ltd.,2022-07-13 00:00:00,365.25,2022-07-13 00:00:00
704,5732,Indraprastha Gas Ltd.,2022-10-07 00:00:00,384.3,2022-10-07 00:00:00
705,5732,Indraprastha Gas Ltd.,2022-12-08 00:00:00,437.3,2022-12-08 00:00:00
706,5732,Indraprastha Gas Ltd.,2023-04-10 00:00:00,468.9,2023-04-10 00:00:00
707,5732,Indraprastha Gas Ltd.,2023-06-07 00:00:00,467.95,2023-06-07 00:00:00
708,5732,Indraprastha Gas Ltd.,2023-10-31 00:00:00,382.35,2023-10-31 00:00:00
709,5732,Indraprastha Gas Ltd.,2023-12-15 00:00:00,400.05,2023-12-15 00:00:00
710,91366,KPIT Technologies Ltd.,2023-03-15 00:00:00,847.3,2023-03-15 00:00:00
711,91366,KPIT Technologies Ltd.,2023-07-14 00:00:00,1063.15,2023-07-14 00:00:00
712,91366,KPIT Technologies Ltd.,2023-09-28 00:00:00,1142.4,2023-09-28 00:00:00
713,91366,KPIT Technologies Ltd.,2023-12-14 00:00:00,1482.95,2023-12-14 00:00:00
714,7533,Tata Elxsi Ltd.,2021-04-19 00:00:00,3049.6,2021-04-19 00:00:00
715,7533,Tata Elxsi Ltd.,2021-05-06 00:00:00,3755.65,2021-05-06 00:00:00
716,7533,Tata Elxsi Ltd.,2021-08-22 00:00:00,4732.6,2021-08-20 00:00:00
717,7533,Tata Elxsi Ltd.,2022-01-05 00:00:00,5963.8,2022-01-05 00:00:00
718,7533,Tata Elxsi Ltd.,2022-04-18 00:00:00,7815.95,2022-04-18 00:00:00
719,7533,Tata Elxsi Ltd.,2022-07-07 00:00:00,8082.9,2022-07-07 00:00:00
720,7533,Tata Elxsi Ltd.,2022-10-06 00:00:00,8575.95,2022-10-06 00:00:00
721,7533,Tata Elxsi Ltd.,2022-12-30 00:00:00,6285.9,2022-12-30 00:00:00
722,7533,Tata Elxsi Ltd.,2023-04-10 00:00:00,6201.1,2023-04-10 00:00:00
723,7533,Tata Elxsi Ltd.,2023-07-13 00:00:00,7568.05,2023-07-13 00:00:00
724,7533,Tata Elxsi Ltd.,2023-09-27 00:00:00,7301.7,2023-09-27 00:00:00
725,7533,Tata Elxsi Ltd.,2023-12-14 00:00:00,8985.65,2023-12-14 00:00:00
726,6372,Divi's Laboratories Ltd.,2021-06-20 00:00:00,4197.3,2021-06-18 00:00:00
727,6372,Divi's Laboratories Ltd.,2021-10-08 00:00:00,5071.3,2021-10-08 00:00:00
728,6372,Divi's Laboratories Ltd.,2021-12-31 00:00:00,4678.2,2021-12-31 00:00:00
729,6372,Divi's Laboratories Ltd.,2022-03-16 00:00:00,4402.25,2022-03-16 00:00:00
730,6372,Divi's Laboratories Ltd.,2022-07-08 00:00:00,3671.3,2022-07-08 00:00:00
731,6372,Divi's Laboratories Ltd.,2022-10-25 00:00:00,3597.15,2022-10-25 00:00:00
732,6372,Divi's Laboratories Ltd.,2022-12-27 00:00:00,3477.1,2022-12-27 00:00:00
733,6372,Divi's Laboratories Ltd.,2023-05-09 00:00:00,3383.2,2023-05-09 00:00:00
734,6372,Divi's Laboratories Ltd.,2023-07-21 00:00:00,3688.3,2023-07-21 00:00:00
735,6372,Divi's Laboratories Ltd.,2023-09-27 00:00:00,3768.0,2023-09-27 00:00:00
736,6372,Divi's Laboratories Ltd.,2023-12-08 00:00:00,3681.75,2023-12-08 00:00:00
737,96164,Happiest Minds Technologies Ltd.,2023-02-23 00:00:00,867.15,2023-02-23 00:00:00
738,96164,Happiest Minds Technologies Ltd.,2023-07-14 00:00:00,973.5,2023-07-14 00:00:00
739,96164,Happiest Minds Technologies Ltd.,2023-09-25 00:00:00,906.7,2023-09-25 00:00:00
740,96164,Happiest Minds Technologies Ltd.,2023-12-08 00:00:00,882.7,2023-12-08 00:00:00
741,100957,Latent View Analytics Ltd.,2023-04-05 00:00:00,342.55,2023-04-05 00:00:00
742,100957,Latent View Analytics Ltd.,2023-07-13 00:00:00,358.55,2023-07-13 00:00:00
743,100957,Latent View Analytics Ltd.,2023-09-28 00:00:00,409.85,2023-09-28 00:00:00
744,100957,Latent View Analytics Ltd.,2023-12-08 00:00:00,469.6,2023-12-08 00:00:00
745,7531,Tech Mahindra Ltd.,2023-02-28 00:00:00,1100.25,2023-02-28 00:00:00
746,7531,Tech Mahindra Ltd.,2023-07-14 00:00:00,1228.65,2023-07-14 00:00:00
747,7531,Tech Mahindra Ltd.,2023-10-03 00:00:00,1216.2,2023-10-03 00:00:00
748,7531,Tech Mahindra Ltd.,2023-12-08 00:00:00,1225.3,2023-12-08 00:00:00
749,8442,Bajaj Auto Ltd.,2021-07-07 00:00:00,4188.25,2021-07-07 00:00:00
750,8442,Bajaj Auto Ltd.,2021-09-28 00:00:00,3908.7,2021-09-28 00:00:00
751,8442,Bajaj Auto Ltd.,2021-12-20 00:00:00,3105.2,2021-12-20 00:00:00
752,8442,Bajaj Auto Ltd.,2022-04-04 00:00:00,3763.65,2022-04-04 00:00:00
753,8442,Bajaj Auto Ltd.,2022-07-11 00:00:00,3848.55,2022-07-11 00:00:00
754,8442,Bajaj Auto Ltd.,2022-10-06 00:00:00,3594.65,2022-10-06 00:00:00
755,8442,Bajaj Auto Ltd.,2022-12-20 00:00:00,3613.6,2022-12-20 00:00:00
756,8442,Bajaj Auto Ltd.,2023-03-06 00:00:00,3723.05,2023-03-06 00:00:00
757,8442,Bajaj Auto Ltd.,2023-07-11 00:00:00,4917.65,2023-07-11 00:00:00
758,8442,Bajaj Auto Ltd.,2023-09-25 00:00:00,5005.45,2023-09-25 00:00:00
759,8442,Bajaj Auto Ltd.,2023-12-06 00:00:00,6069.95,2023-12-06 00:00:00
760,5156,Eicher Motors Ltd.,2023-01-31 00:00:00,3263.35,2023-01-31 00:00:00
761,5156,Eicher Motors Ltd.,2023-04-26 00:00:00,3248.35,2023-04-26 00:00:00
762,5156,Eicher Motors Ltd.,2023-07-25 00:00:00,3326.2,2023-07-25 00:00:00
763,5156,Eicher Motors Ltd.,2023-09-27 00:00:00,3479.7,2023-09-27 00:00:00
764,5156,Eicher Motors Ltd.,2023-12-06 00:00:00,4047.0,2023-12-06 00:00:00
765,5551,Hero MotoCorp Ltd.,2020-12-18 00:00:00,3135.3,2020-12-18 00:00:00
766,5551,Hero MotoCorp Ltd.,2021-02-14 00:00:00,3515.75,2021-02-12 00:00:00
767,5551,Hero MotoCorp Ltd.,2021-05-14 00:00:00,2812.35,2021-05-14 00:00:00
768,5551,Hero MotoCorp Ltd.,2021-08-20 00:00:00,2697.5,2021-08-20 00:00:00
769,5551,Hero MotoCorp Ltd.,2021-12-21 00:00:00,2347.4,2021-12-21 00:00:00
770,5551,Hero MotoCorp Ltd.,2022-04-04 00:00:00,2311.75,2022-04-04 00:00:00
771,5551,Hero MotoCorp Ltd.,2022-07-18 00:00:00,2817.95,2022-07-18 00:00:00
772,5551,Hero MotoCorp Ltd.,2022-10-25 00:00:00,2585.6,2022-10-25 00:00:00
773,5551,Hero MotoCorp Ltd.,2023-01-04 00:00:00,2709.3,2023-01-04 00:00:00
774,5551,Hero MotoCorp Ltd.,2023-03-06 00:00:00,2479.7,2023-03-06 00:00:00
775,5551,Hero MotoCorp Ltd.,2023-06-13 00:00:00,2952.45,2023-06-13 00:00:00
776,5551,Hero MotoCorp Ltd.,2023-09-25 00:00:00,2974.7,2023-09-25 00:00:00
777,5551,Hero MotoCorp Ltd.,2023-12-06 00:00:00,3761.05,2023-12-06 00:00:00
778,4926,Infosys Ltd.,2021-11-11 00:00:00,1733.3,2021-11-11 00:00:00
779,4926,Infosys Ltd.,2022-02-04 00:00:00,1741.1,2022-02-04 00:00:00
780,4926,Infosys Ltd.,2022-07-08 00:00:00,1514.45,2022-07-08 00:00:00
781,4926,Infosys Ltd.,2022-09-30 00:00:00,1413.45,2022-09-30 00:00:00
782,4926,Infosys Ltd.,2022-12-30 00:00:00,1508.2,2022-12-30 00:00:00
783,4926,Infosys Ltd.,2023-02-14 00:00:00,1593.25,2023-02-14 00:00:00
784,4926,Infosys Ltd.,2023-07-11 00:00:00,1348.6,2023-07-11 00:00:00
785,4926,Infosys Ltd.,2023-09-22 00:00:00,1496.15,2023-09-22 00:00:00
786,4926,Infosys Ltd.,2023-12-06 00:00:00,1474.3,2023-12-06 00:00:00
787,5980,Persistent Systems Ltd.,2022-01-27 00:00:00,4066.8,2022-01-27 00:00:00
788,5980,Persistent Systems Ltd.,2022-07-12 00:00:00,3330.25,2022-07-12 00:00:00
789,5980,Persistent Systems Ltd.,2022-10-06 00:00:00,3552.75,2022-10-06 00:00:00
790,5980,Persistent Systems Ltd.,2022-12-28 00:00:00,3860.1,2022-12-28 00:00:00
791,5980,Persistent Systems Ltd.,2023-03-09 00:00:00,4817.6,2023-03-09 00:00:00
792,5980,Persistent Systems Ltd.,2023-07-12 00:00:00,4694.85,2023-07-12 00:00:00
793,5980,Persistent Systems Ltd.,2023-10-03 00:00:00,5728.05,2023-10-03 00:00:00
794,5980,Persistent Systems Ltd.,2023-12-06 00:00:00,6335.8,2023-12-06 00:00:00
795,6902,TVS Motor Company Ltd.,2023-03-10 00:00:00,1072.2,2023-03-10 00:00:00
796,6902,TVS Motor Company Ltd.,2023-06-16 00:00:00,1352.85,2023-06-16 00:00:00
797,6902,TVS Motor Company Ltd.,2023-09-25 00:00:00,1515.55,2023-09-25 00:00:00
798,6902,TVS Motor Company Ltd.,2023-12-06 00:00:00,1888.75,2023-12-06 00:00:00
799,5199,Wipro Ltd.,2021-06-08 00:00:00,550.6,2021-06-08 00:00:00
800,5199,Wipro Ltd.,2021-09-29 00:00:00,640.75,2021-09-29 00:00:00
801,5199,Wipro Ltd.,2021-12-27 00:00:00,699.6,2021-12-27 00:00:00
802,5199,Wipro Ltd.,2022-04-08 00:00:00,583.65,2022-04-08 00:00:00
803,5199,Wipro Ltd.,2022-07-12 00:00:00,409.15,2022-07-12 00:00:00
804,5199,Wipro Ltd.,2022-10-06 00:00:00,410.15,2022-10-06 00:00:00
805,5199,Wipro Ltd.,2022-12-28 00:00:00,387.8,2022-12-28 00:00:00
806,5199,Wipro Ltd.,2023-04-10 00:00:00,373.3,2023-04-10 00:00:00
807,5199,Wipro Ltd.,2023-07-11 00:00:00,392.05,2023-07-11 00:00:00
808,5199,Wipro Ltd.,2023-09-25 00:00:00,414.1,2023-09-25 00:00:00
809,5199,Wipro Ltd.,2023-12-06 00:00:00,418.75,2023-12-06 00:00:00
810,89466,Affle (India) Ltd.,2021-05-29 00:00:00,1044.95,2021-05-28 00:00:00
811,89466,Affle (India) Ltd.,2021-07-07 00:00:00,898.18,2021-07-07 00:00:00
812,89466,Affle (India) Ltd.,2021-09-27 00:00:00,1068.7,2021-09-27 00:00:00
813,89466,Affle (India) Ltd.,2022-01-06 00:00:00,1334.25,2022-01-06 00:00:00
814,89466,Affle (India) Ltd.,2022-03-17 00:00:00,1210.7,2022-03-17 00:00:00
815,89466,Affle (India) Ltd.,2022-07-04 00:00:00,1025.0,2022-07-04 00:00:00
816,89466,Affle (India) Ltd.,2022-09-23 00:00:00,1271.6,2022-09-23 00:00:00
817,89466,Affle (India) Ltd.,2022-12-23 00:00:00,1022.5,2022-12-23 00:00:00
818,89466,Affle (India) Ltd.,2023-03-01 00:00:00,1022.1,2023-03-01 00:00:00
819,89466,Affle (India) Ltd.,2023-06-05 00:00:00,986.35,2023-06-05 00:00:00
820,89466,Affle (India) Ltd.,2023-09-05 00:00:00,1095.45,2023-09-05 00:00:00
821,89466,Affle (India) Ltd.,2023-12-05 00:00:00,1126.05,2023-12-05 00:00:00
822,6050,Titan Company Ltd.,2021-04-27 00:00:00,1495.1,2021-04-27 00:00:00
823,6050,Titan Company Ltd.,2021-07-31 00:00:00,1714.55,2021-07-30 00:00:00
824,6050,Titan Company Ltd.,2021-10-13 00:00:00,2537.2,2021-10-13 00:00:00
825,6050,Titan Company Ltd.,2022-01-03 00:00:00,2523.85,2022-01-03 00:00:00
826,6050,Titan Company Ltd.,2022-03-29 00:00:00,2538.8,2022-03-29 00:00:00
827,6050,Titan Company Ltd.,2022-07-19 00:00:00,2241.2,2022-07-19 00:00:00
828,6050,Titan Company Ltd.,2022-10-27 00:00:00,2703.8,2022-10-27 00:00:00
829,6050,Titan Company Ltd.,2023-01-03 00:00:00,2613.6,2023-01-03 00:00:00
830,6050,Titan Company Ltd.,2023-04-21 00:00:00,2568.3,2023-04-21 00:00:00
831,6050,Titan Company Ltd.,2023-07-12 00:00:00,3096.5,2023-07-12 00:00:00
832,6050,Titan Company Ltd.,2023-11-02 00:00:00,3201.5,2023-11-02 00:00:00
833,6050,Titan Company Ltd.,2023-12-05 00:00:00,3545.3,2023-12-05 00:00:00
834,100386,Vedant Fashions Ltd.,2023-03-28 00:00:00,1097.8,2023-03-28 00:00:00
835,100386,Vedant Fashions Ltd.,2023-06-07 00:00:00,1290.35,2023-06-07 00:00:00
836,100386,Vedant Fashions Ltd.,2023-10-04 00:00:00,1313.25,2023-10-04 00:00:00
837,100386,Vedant Fashions Ltd.,2023-12-05 00:00:00,1432.55,2023-12-05 00:00:00
838,5016,Hindustan Unilever Ltd.,2020-12-20 00:00:00,2333.45,2020-12-18 00:00:00
839,5016,Hindustan Unilever Ltd.,2021-03-21 00:00:00,2312.05,2021-03-19 00:00:00
840,5016,Hindustan Unilever Ltd.,2021-05-23 00:00:00,2362.25,2021-05-21 00:00:00
841,5016,Hindustan Unilever Ltd.,2021-09-03 00:00:00,2766.7,2021-09-03 00:00:00
842,5016,Hindustan Unilever Ltd.,2021-12-02 00:00:00,2383.3,2021-12-02 00:00:00
843,5016,Hindustan Unilever Ltd.,2022-02-03 00:00:00,2298.15,2022-02-03 00:00:00
844,5016,Hindustan Unilever Ltd.,2022-07-15 00:00:00,2568.5,2022-07-15 00:00:00
845,5016,Hindustan Unilever Ltd.,2022-08-30 00:00:00,2659.85,2022-08-30 00:00:00
846,5016,Hindustan Unilever Ltd.,2022-12-09 00:00:00,2722.25,2022-12-09 00:00:00
847,5016,Hindustan Unilever Ltd.,2023-02-23 00:00:00,2490.65,2023-02-23 00:00:00
848,5016,Hindustan Unilever Ltd.,2023-05-26 00:00:00,2652.35,2023-05-26 00:00:00
849,5016,Hindustan Unilever Ltd.,2023-09-18 00:00:00,2488.65,2023-09-18 00:00:00
850,5016,Hindustan Unilever Ltd.,2023-12-04 00:00:00,2602.3,2023-12-04 00:00:00
851,7890,Aarti Industries Ltd.,2021-12-08 00:00:00,981.95,2021-12-08 00:00:00
852,7890,Aarti Industries Ltd.,2022-04-13 00:00:00,952.8,2022-04-13 00:00:00
853,7890,Aarti Industries Ltd.,2022-07-15 00:00:00,728.4,2022-07-15 00:00:00
854,7890,Aarti Industries Ltd.,2022-11-03 00:00:00,730.7,2022-11-03 00:00:00
855,7890,Aarti Industries Ltd.,2022-12-20 00:00:00,619.9,2022-12-20 00:00:00
856,7890,Aarti Industries Ltd.,2023-04-18 00:00:00,551.05,2023-04-18 00:00:00
857,7890,Aarti Industries Ltd.,2023-07-28 00:00:00,460.65,2023-07-28 00:00:00
858,7890,Aarti Industries Ltd.,2023-11-02 00:00:00,456.55,2023-11-02 00:00:00
859,7890,Aarti Industries Ltd.,2023-12-01 00:00:00,553.3,2023-12-01 00:00:00
860,82976,Avenue Supermarts Ltd.,2020-09-10 00:00:00,2237.75,2020-09-10 00:00:00
861,82976,Avenue Supermarts Ltd.,2020-11-23 00:00:00,2360.4,2020-11-23 00:00:00
862,82976,Avenue Supermarts Ltd.,2021-01-14 00:00:00,2895.55,2021-01-14 00:00:00
863,82976,Avenue Supermarts Ltd.,2021-07-02 00:00:00,3314.3,2021-07-02 00:00:00
864,82976,Avenue Supermarts Ltd.,2021-09-16 00:00:00,4084.5,2021-09-16 00:00:00
865,82976,Avenue Supermarts Ltd.,2022-01-03 00:00:00,4711.5,2022-01-03 00:00:00
866,82976,Avenue Supermarts Ltd.,2022-02-15 00:00:00,4081.75,2022-02-15 00:00:00
867,82976,Avenue Supermarts Ltd.,2022-07-05 00:00:00,3639.05,2022-07-05 00:00:00
868,82976,Avenue Supermarts Ltd.,2022-08-26 00:00:00,4409.65,2022-08-26 00:00:00
869,82976,Avenue Supermarts Ltd.,2022-11-14 00:00:00,4098.35,2022-11-14 00:00:00
870,82976,Avenue Supermarts Ltd.,2023-02-09 00:00:00,3482.05,2023-02-09 00:00:00
871,82976,Avenue Supermarts Ltd.,2023-05-26 00:00:00,3501.75,2023-05-26 00:00:00
872,82976,Avenue Supermarts Ltd.,2023-08-17 00:00:00,3507.65,2023-08-17 00:00:00
873,82976,Avenue Supermarts Ltd.,2023-12-01 00:00:00,3988.4,2023-12-01 00:00:00
874,98548,Clean Science And Technology Ltd.,2022-10-14 00:00:00,1605.95,2022-10-14 00:00:00
875,98548,Clean Science And Technology Ltd.,2022-12-13 00:00:00,1527.25,2022-12-13 00:00:00
876,98548,Clean Science And Technology Ltd.,2023-03-24 00:00:00,1315.25,2023-03-24 00:00:00
877,98548,Clean Science And Technology Ltd.,2023-06-16 00:00:00,1383.95,2023-06-16 00:00:00
878,98548,Clean Science And Technology Ltd.,2023-09-12 00:00:00,1432.85,2023-09-12 00:00:00
879,98548,Clean Science And Technology Ltd.,2023-12-01 00:00:00,1444.85,2023-12-01 00:00:00
880,15890,Dr. Lal Pathlabs Ltd.,2020-12-24 00:00:00,2272.1,2020-12-24 00:00:00
881,15890,Dr. Lal Pathlabs Ltd.,2021-03-10 00:00:00,2350.15,2021-03-10 00:00:00
882,15890,Dr. Lal Pathlabs Ltd.,2021-06-10 00:00:00,3181.8,2021-06-10 00:00:00
883,15890,Dr. Lal Pathlabs Ltd.,2021-09-11 00:00:00,4117.4,2021-09-09 00:00:00
884,15890,Dr. Lal Pathlabs Ltd.,2021-12-24 00:00:00,3514.8,2021-12-24 00:00:00
885,15890,Dr. Lal Pathlabs Ltd.,2022-02-25 00:00:00,2520.95,2022-02-25 00:00:00
886,15890,Dr. Lal Pathlabs Ltd.,2022-07-13 00:00:00,2006.65,2022-07-13 00:00:00
887,15890,Dr. Lal Pathlabs Ltd.,2022-10-11 00:00:00,2267.3,2022-10-11 00:00:00
888,15890,Dr. Lal Pathlabs Ltd.,2022-12-09 00:00:00,2456.1,2022-12-09 00:00:00
889,15890,Dr. Lal Pathlabs Ltd.,2023-03-24 00:00:00,1817.1,2023-03-24 00:00:00
890,15890,Dr. Lal Pathlabs Ltd.,2023-07-17 00:00:00,2338.7,2023-07-17 00:00:00
891,15890,Dr. Lal Pathlabs Ltd.,2023-10-06 00:00:00,2479.65,2023-10-06 00:00:00
892,15890,Dr. Lal Pathlabs Ltd.,2023-12-01 00:00:00,2743.05,2023-12-01 00:00:00
893,87624,Fine Organic Industries Ltd.,2023-03-13 00:00:00,4327.8,2023-03-13 00:00:00
894,87624,Fine Organic Industries Ltd.,2023-07-17 00:00:00,4809.5,2023-07-17 00:00:00
895,87624,Fine Organic Industries Ltd.,2023-10-26 00:00:00,4489.55,2023-10-26 00:00:00
896,87624,Fine Organic Industries Ltd.,2023-12-01 00:00:00,4283.65,2023-12-01 00:00:00
897,6208,Pidilite Industries Ltd.,2020-09-27 00:00:00,1413.0,2020-09-25 00:00:00
898,6208,Pidilite Industries Ltd.,2021-01-18 00:00:00,1726.85,2021-01-18 00:00:00
899,6208,Pidilite Industries Ltd.,2021-04-14 00:00:00,1798.95,2021-04-13 00:00:00
900,6208,Pidilite Industries Ltd.,2021-06-19 00:00:00,2125.55,2021-06-18 00:00:00
901,6208,Pidilite Industries Ltd.,2021-09-11 00:00:00,2348.25,2021-09-09 00:00:00
902,6208,Pidilite Industries Ltd.,2021-12-29 00:00:00,2450.25,2021-12-29 00:00:00
903,6208,Pidilite Industries Ltd.,2022-02-18 00:00:00,2430.7,2022-02-18 00:00:00
904,6208,Pidilite Industries Ltd.,2022-07-07 00:00:00,2237.05,2022-07-07 00:00:00
905,6208,Pidilite Industries Ltd.,2022-08-30 00:00:00,2736.3,2022-08-30 00:00:00
906,6208,Pidilite Industries Ltd.,2022-11-16 00:00:00,2682.45,2022-11-16 00:00:00
907,6208,Pidilite Industries Ltd.,2023-03-03 00:00:00,2318.75,2023-03-03 00:00:00
908,6208,Pidilite Industries Ltd.,2023-05-26 00:00:00,2586.15,2023-05-26 00:00:00
909,6208,Pidilite Industries Ltd.,2023-08-22 00:00:00,2494.3,2023-08-22 00:00:00
910,6208,Pidilite Industries Ltd.,2023-12-01 00:00:00,2562.15,2023-12-01 00:00:00
911,7447,SRF Ltd.,2023-02-16 00:00:00,2326.2,2023-02-16 00:00:00
912,7447,SRF Ltd.,2023-07-18 00:00:00,2226.0,2023-07-18 00:00:00
913,7447,SRF Ltd.,2023-10-26 00:00:00,2106.35,2023-10-26 00:00:00
914,7447,SRF Ltd.,2023-12-01 00:00:00,2412.5,2023-12-01 00:00:00
915,8185,Trent Ltd.,2021-05-25 00:00:00,824.65,2021-05-25 00:00:00
916,8185,Trent Ltd.,2021-10-25 00:00:00,1020.65,2021-10-25 00:00:00
917,8185,Trent Ltd.,2022-01-07 00:00:00,1085.2,2022-01-07 00:00:00
918,8185,Trent Ltd.,2022-04-22 00:00:00,1286.6,2022-04-22 00:00:00
919,8185,Trent Ltd.,2022-07-29 00:00:00,1268.6,2022-07-29 00:00:00
920,8185,Trent Ltd.,2022-11-03 00:00:00,1545.5,2022-11-03 00:00:00
921,8185,Trent Ltd.,2023-01-05 00:00:00,1279.9,2023-01-05 00:00:00
922,8185,Trent Ltd.,2023-04-20 00:00:00,1393.7,2023-04-20 00:00:00
923,8185,Trent Ltd.,2023-07-14 00:00:00,1687.65,2023-07-14 00:00:00
924,8185,Trent Ltd.,2023-09-05 00:00:00,2063.7,2023-09-05 00:00:00
925,8185,Trent Ltd.,2023-12-01 00:00:00,2807.7,2023-12-01 00:00:00
926,6555,Vinati Organics Ltd.,2021-06-03 00:00:00,1781.6,2021-06-03 00:00:00
927,6555,Vinati Organics Ltd.,2021-08-31 00:00:00,1799.55,2021-08-31 00:00:00
928,6555,Vinati Organics Ltd.,2022-01-03 00:00:00,2054.7,2022-01-03 00:00:00
929,6555,Vinati Organics Ltd.,2022-03-23 00:00:00,1975.35,2022-03-23 00:00:00
930,6555,Vinati Organics Ltd.,2022-07-06 00:00:00,2003.45,2022-07-06 00:00:00
931,6555,Vinati Organics Ltd.,2022-09-22 00:00:00,2124.5,2022-09-22 00:00:00
932,6555,Vinati Organics Ltd.,2022-12-05 00:00:00,2098.2,2022-12-05 00:00:00
933,6555,Vinati Organics Ltd.,2023-03-03 00:00:00,1859.55,2023-03-03 00:00:00
934,6555,Vinati Organics Ltd.,2023-06-02 00:00:00,1821.1,2023-06-02 00:00:00
935,6555,Vinati Organics Ltd.,2023-08-22 00:00:00,1810.1,2023-08-22 00:00:00
936,6555,Vinati Organics Ltd.,2023-12-01 00:00:00,1714.55,2023-12-01 00:00:00
937,6672,Apollo Hospitals Enterprise Ltd.,2021-03-01 00:00:00,3081.15,2021-03-01 00:00:00
938,6672,Apollo Hospitals Enterprise Ltd.,2021-07-24 00:00:00,3918.9,2021-07-23 00:00:00
939,6672,Apollo Hospitals Enterprise Ltd.,2021-10-06 00:00:00,4378.75,2021-10-06 00:00:00
940,6672,Apollo Hospitals Enterprise Ltd.,2022-01-20 00:00:00,4644.8,2022-01-20 00:00:00
941,6672,Apollo Hospitals Enterprise Ltd.,2022-04-11 00:00:00,4662.15,2022-04-11 00:00:00
942,6672,Apollo Hospitals Enterprise Ltd.,2022-08-03 00:00:00,4310.05,2022-08-03 00:00:00
943,6672,Apollo Hospitals Enterprise Ltd.,2022-11-09 00:00:00,4361.2,2022-11-09 00:00:00
944,6672,Apollo Hospitals Enterprise Ltd.,2022-12-26 00:00:00,4684.05,2022-12-26 00:00:00
945,6672,Apollo Hospitals Enterprise Ltd.,2023-05-22 00:00:00,4605.3,2023-05-22 00:00:00
946,6672,Apollo Hospitals Enterprise Ltd.,2023-08-04 00:00:00,4980.3,2023-08-04 00:00:00
947,6672,Apollo Hospitals Enterprise Ltd.,2023-11-08 00:00:00,5110.95,2023-11-08 00:00:00
948,6232,Bosch Ltd.,2023-03-29 00:00:00,18977.15,2023-03-29 00:00:00
949,6232,Bosch Ltd.,2023-07-21 00:00:00,18907.65,2023-07-21 00:00:00
950,6232,Bosch Ltd.,2023-11-08 00:00:00,19646.95,2023-11-08 00:00:00
951,7512,Info Edge (India) Ltd.,2020-12-14 00:00:00,4672.55,2020-12-14 00:00:00
952,7512,Info Edge (India) Ltd.,2021-04-08 00:00:00,4842.0,2021-04-08 00:00:00
953,7512,Info Edge (India) Ltd.,2021-07-19 00:00:00,5122.75,2021-07-19 00:00:00
954,7512,Info Edge (India) Ltd.,2021-09-25 00:00:00,6651.5,2021-09-24 00:00:00
955,7512,Info Edge (India) Ltd.,2021-12-14 00:00:00,5366.05,2021-12-14 00:00:00
956,7512,Info Edge (India) Ltd.,2022-02-25 00:00:00,4450.65,2022-02-25 00:00:00
957,7512,Info Edge (India) Ltd.,2022-08-02 00:00:00,4404.75,2022-08-02 00:00:00
958,7512,Info Edge (India) Ltd.,2022-11-04 00:00:00,3891.65,2022-11-04 00:00:00
959,7512,Info Edge (India) Ltd.,2023-01-13 00:00:00,3732.3,2023-01-13 00:00:00
960,7512,Info Edge (India) Ltd.,2023-05-09 00:00:00,3906.3,2023-05-09 00:00:00
961,7512,Info Edge (India) Ltd.,2023-07-19 00:00:00,4679.5,2023-07-19 00:00:00
962,7512,Info Edge (India) Ltd.,2023-11-06 00:00:00,4311.55,2023-11-06 00:00:00
963,8051,Prestige Estates Projects Ltd.,2023-03-09 00:00:00,404.4,2023-03-09 00:00:00
964,8051,Prestige Estates Projects Ltd.,2023-08-07 00:00:00,584.3,2023-08-07 00:00:00
965,8051,Prestige Estates Projects Ltd.,2023-11-06 00:00:00,800.6,2023-11-06 00:00:00
966,6790,Bharat Forge Ltd.,2023-03-24 00:00:00,764.8,2023-03-24 00:00:00
967,6790,Bharat Forge Ltd.,2023-07-26 00:00:00,876.45,2023-07-26 00:00:00
968,6790,Bharat Forge Ltd.,2023-11-02 00:00:00,1031.95,2023-11-02 00:00:00
969,5063,Escorts Kubota Ltd.,2022-02-28 00:00:00,1850.95,2022-02-28 00:00:00
970,5063,Escorts Kubota Ltd.,2022-07-26 00:00:00,1694.45,2022-07-26 00:00:00
971,5063,Escorts Kubota Ltd.,2022-10-21 00:00:00,1988.35,2022-10-21 00:00:00
972,5063,Escorts Kubota Ltd.,2023-01-04 00:00:00,2145.3,2023-01-04 00:00:00
973,5063,Escorts Kubota Ltd.,2023-05-03 00:00:00,1984.4,2023-05-03 00:00:00
974,5063,Escorts Kubota Ltd.,2023-07-20 00:00:00,2344.7,2023-07-20 00:00:00
975,5063,Escorts Kubota Ltd.,2023-10-31 00:00:00,3132.5,2023-10-31 00:00:00
976,5915,Tata Power Company Ltd.,2021-07-04 00:00:00,120.95,2021-07-02 00:00:00
977,5915,Tata Power Company Ltd.,2021-08-21 00:00:00,126.2,2021-08-20 00:00:00
978,5915,Tata Power Company Ltd.,2022-01-14 00:00:00,244.4,2022-01-14 00:00:00
979,5915,Tata Power Company Ltd.,2022-04-29 00:00:00,242.35,2022-04-29 00:00:00
980,5915,Tata Power Company Ltd.,2022-07-25 00:00:00,232.5,2022-07-25 00:00:00
981,5915,Tata Power Company Ltd.,2022-10-27 00:00:00,225.85,2022-10-27 00:00:00
982,5915,Tata Power Company Ltd.,2023-01-09 00:00:00,206.2,2023-01-09 00:00:00
983,5915,Tata Power Company Ltd.,2023-04-27 00:00:00,198.5,2023-04-27 00:00:00
984,5915,Tata Power Company Ltd.,2023-07-19 00:00:00,219.5,2023-07-19 00:00:00
985,5915,Tata Power Company Ltd.,2023-10-23 00:00:00,238.25,2023-10-23 00:00:00
986,7802,Multi Commodity Exchange Of India Ltd.,2021-05-31 00:00:00,1549.0,2021-05-31 00:00:00
987,7802,Multi Commodity Exchange Of India Ltd.,2021-10-04 00:00:00,1688.35,2021-10-04 00:00:00
988,7802,Multi Commodity Exchange Of India Ltd.,2022-01-14 00:00:00,1625.3,2022-01-14 00:00:00
989,7802,Multi Commodity Exchange Of India Ltd.,2022-03-11 00:00:00,1388.65,2022-03-11 00:00:00
990,7802,Multi Commodity Exchange Of India Ltd.,2022-06-13 00:00:00,1244.65,2022-06-13 00:00:00
991,7802,Multi Commodity Exchange Of India Ltd.,2022-10-19 00:00:00,1336.65,2022-10-19 00:00:00
992,7802,Multi Commodity Exchange Of India Ltd.,2023-01-11 00:00:00,1481.75,2023-01-11 00:00:00
993,7802,Multi Commodity Exchange Of India Ltd.,2023-05-02 00:00:00,1396.2,2023-05-02 00:00:00
994,7802,Multi Commodity Exchange Of India Ltd.,2023-07-11 00:00:00,1579.5,2023-07-11 00:00:00
995,7802,Multi Commodity Exchange Of India Ltd.,2023-10-20 00:00:00,2320.0,2023-10-20 00:00:00
996,98676,Zomato Ltd.,2023-02-07 00:00:00,49.35,2023-02-07 00:00:00
997,98676,Zomato Ltd.,2023-04-25 00:00:00,57.75,2023-04-25 00:00:00
998,98676,Zomato Ltd.,2023-07-13 00:00:00,82.2,2023-07-13 00:00:00
999,98676,Zomato Ltd.,2023-09-29 00:00:00,101.5,2023-09-29 00:00:00
1000,92620,Indian Railway Catering And Tourism Corporation Ltd.,2023-03-17 00:00:00,611.65,2023-03-17 00:00:00
1001,92620,Indian Railway Catering And Tourism Corporation Ltd.,2023-07-26 00:00:00,620.0,2023-07-26 00:00:00
1002,92620,Indian Railway Catering And Tourism Corporation Ltd.,2023-09-08 00:00:00,725.55,2023-09-08 00:00:00
