,date,annual_return,high_low,Investment
0,2020-09-10,37.19240721428572,"[-32.46, 37.19240721428572]",2400000
1,2020-09-11,37.19240721428572,"[-32.46, 37.19240721428572]",2400000
2,2020-09-14,37.19240721428572,"[-32.46, 37.19240721428572]",2400000
3,2020-09-15,37.19240721428572,"[-32.46, 37.19240721428572]",2400000
4,2020-09-16,37.19240721428572,"[-32.46, 37.19240721428572]",2400000
5,2020-09-17,37.19240721428572,"[-32.46, 37.19240721428572]",2400000
6,2020-09-18,37.19240721428572,"[-32.46, 37.19240721428572]",2400000
7,2020-09-21,37.19240721428572,"[-32.46, 37.19240721428572]",2400000
8,2020-09-22,37.19240721428572,"[-32.46, 37.19240721428572]",2400000
9,2020-09-23,37.19240721428572,"[-32.46, 37.19240721428572]",2400000
10,2020-09-24,37.19240721428572,"[-32.46, 37.19240721428572]",2400000
11,2020-09-25,37.19240721428572,"[-32.46, 37.19240721428572]",2400000
12,2020-09-28,37.19240721428572,"[-32.46, 37.19240721428572]",2400000
13,2020-09-29,37.19240721428572,"[-32.46, 37.19240721428572]",2400000
14,2020-09-30,37.19240721428572,"[-32.46, 37.19240721428572]",2400000
15,2020-10-01,37.19240721428572,"[-32.46, 37.19240721428572]",2400000
16,2020-10-05,37.19240721428572,"[-32.46, 37.19240721428572]",2400000
17,2020-10-06,37.19240721428572,"[-32.46, 37.19240721428572]",2400000
18,2020-10-07,37.19240721428572,"[-32.46, 37.19240721428572]",2400000
19,2020-10-08,37.19240721428572,"[-32.46, 37.19240721428572]",2400000
20,2020-10-09,37.19240721428572,"[-32.46, 37.19240721428572]",2400000
21,2020-10-12,37.19240721428572,"[-32.46, 37.19240721428572]",2400000
22,2020-10-13,37.19240721428572,"[-32.46, 37.19240721428572]",2400000
23,2020-10-14,37.19240721428572,"[-32.46, 37.19240721428572]",2400000
24,2020-10-15,37.19240721428572,"[-32.46, 37.19240721428572]",2400000
25,2020-10-16,37.19240721428572,"[-32.46, 37.19240721428572]",2400000
26,2020-10-19,37.19240721428572,"[-32.46, 37.19240721428572]",2400000
27,2020-10-20,37.19240721428572,"[-32.46, 37.19240721428572]",2400000
28,2020-10-21,37.19240721428572,"[-32.46, 37.19240721428572]",2400000
29,2020-10-22,37.19240721428572,"[-32.46, 37.19240721428572]",2400000
30,2020-10-23,37.19240721428572,"[-32.46, 37.19240721428572]",2400000
31,2020-10-26,37.19240721428572,"[-32.46, 37.19240721428572]",2400000
32,2020-10-27,37.19240721428572,"[-32.46, 37.19240721428572]",2400000
33,2020-10-28,37.19240721428572,"[-32.46, 37.19240721428572]",2400000
34,2020-10-29,37.19240721428572,"[-32.46, 37.19240721428572]",2400000
35,2020-10-30,37.19240721428572,"[-32.46, 37.19240721428572]",2400000
36,2020-11-02,37.19240721428572,"[-32.46, 37.19240721428572]",2400000
37,2020-11-03,37.19240721428572,"[-32.46, 37.19240721428572]",2400000
38,2020-11-04,37.19240721428572,"[-32.46, 37.19240721428572]",2400000
39,2020-11-05,37.19240721428572,"[-32.46, 37.19240721428572]",2400000
40,2020-11-06,37.19240721428572,"[-32.46, 37.19240721428572]",2400000
41,2020-11-09,37.19240721428572,"[-32.46, 37.19240721428572]",2400000
42,2020-11-10,37.19240721428572,"[-32.46, 37.19240721428572]",2400000
43,2020-11-11,37.19240721428572,"[-32.46, 37.19240721428572]",2400000
44,2020-11-12,37.19240721428572,"[-32.46, 37.19240721428572]",2400000
45,2020-11-13,37.19240721428572,"[-32.46, 37.19240721428572]",2400000
46,2020-11-14,37.19240721428572,"[-32.46, 37.19240721428572]",2400000
47,2020-11-17,37.19240721428572,"[-32.46, 37.19240721428572]",2400000
48,2020-11-18,37.19240721428572,"[-32.46, 37.19240721428572]",2400000
49,2020-11-19,37.19240721428572,"[-32.46, 37.19240721428572]",2400000
50,2020-11-20,37.19240721428572,"[-32.46, 37.19240721428572]",2400000
51,2020-11-23,37.19240721428572,"[-32.46, 37.19240721428572]",2400000
52,2020-11-24,37.19240721428572,"[-32.46, 37.19240721428572]",2400000
53,2020-11-25,37.19240721428572,"[-32.46, 37.19240721428572]",2400000
54,2020-11-26,37.19240721428572,"[-32.46, 37.19240721428572]",2400000
55,2020-11-27,37.19240721428572,"[-32.46, 37.19240721428572]",2400000
56,2020-12-01,37.19240721428572,"[-32.46, 37.19240721428572]",2400000
57,2020-12-02,37.19240721428572,"[-32.46, 37.19240721428572]",2400000
58,2020-12-03,37.19240721428572,"[-32.46, 37.19240721428572]",2400000
59,2020-12-04,37.19240721428572,"[-32.46, 37.19240721428572]",2400000
60,2020-12-07,37.19240721428572,"[-32.46, 37.19240721428572]",2400000
61,2020-12-08,37.19240721428572,"[-32.46, 37.19240721428572]",2400000
62,2020-12-09,37.19240721428572,"[-32.46, 37.19240721428572]",2400000
63,2020-12-10,37.19240721428572,"[-32.46, 37.19240721428572]",2400000
64,2020-12-11,37.19240721428572,"[-32.46, 37.19240721428572]",2400000
65,2020-12-14,37.19240721428572,"[-32.46, 37.19240721428572]",2400000
66,2020-12-15,37.19240721428572,"[-32.46, 37.19240721428572]",2400000
67,2020-12-16,37.19240721428572,"[-32.46, 37.19240721428572]",2400000
68,2020-12-17,37.19240721428572,"[-32.46, 37.19240721428572]",2400000
69,2020-12-18,37.19240721428572,"[-32.46, 37.19240721428572]",2400000
70,2020-12-21,37.19240721428572,"[-32.46, 37.19240721428572]",2400000
71,2020-12-22,37.19240721428572,"[-32.46, 37.19240721428572]",2400000
72,2020-12-23,37.19240721428572,"[-32.46, 37.19240721428572]",2400000
73,2020-12-24,37.19240721428572,"[-32.46, 37.19240721428572]",2400000
74,2020-12-28,37.19240721428572,"[-32.46, 37.19240721428572]",2400000
75,2020-12-29,37.19240721428572,"[-32.46, 37.19240721428572]",2400000
76,2020-12-30,37.19240721428572,"[-32.46, 37.19240721428572]",2400000
77,2020-12-31,37.19240721428572,"[-32.46, 37.19240721428572]",2400000
78,2021-01-01,37.19240721428572,"[-32.46, 37.19240721428572]",2400000
79,2021-01-04,37.19240721428572,"[-32.46, 37.19240721428572]",2400000
80,2021-01-05,37.19240721428572,"[-32.46, 37.19240721428572]",2400000
81,2021-01-06,37.19240721428572,"[-32.46, 37.19240721428572]",2400000
82,2021-01-07,37.19240721428572,"[-32.46, 37.19240721428572]",2400000
83,2021-01-08,37.19240721428572,"[-32.46, 37.19240721428572]",2400000
84,2021-01-11,37.19240721428572,"[-32.46, 37.19240721428572]",2400000
85,2021-01-12,37.19240721428572,"[-32.46, 37.19240721428572]",2400000
86,2021-01-13,37.19240721428572,"[-32.46, 37.19240721428572]",2400000
87,2021-01-14,37.19240721428572,"[-32.46, 37.19240721428572]",2400000
88,2021-01-15,37.19240721428572,"[-32.46, 37.19240721428572]",2400000
89,2021-01-18,37.19240721428572,"[-32.46, 37.19240721428572]",2400000
90,2021-01-19,37.19240721428572,"[-32.46, 37.19240721428572]",2400000
91,2021-01-20,37.19240721428572,"[-32.46, 37.19240721428572]",2400000
92,2021-01-21,37.19240721428572,"[-32.46, 37.19240721428572]",2400000
93,2021-01-22,37.19240721428572,"[-32.46, 37.19240721428572]",2400000
94,2021-01-25,37.19240721428572,"[-32.46, 37.19240721428572]",2400000
95,2021-01-27,37.19240721428572,"[-32.46, 37.19240721428572]",2400000
96,2021-01-28,37.19240721428572,"[-32.46, 37.19240721428572]",2400000
97,2021-01-29,37.19240721428572,"[-32.46, 37.19240721428572]",2400000
98,2021-02-01,37.19240721428572,"[-32.46, 37.19240721428572]",2400000
99,2021-02-02,37.19240721428572,"[-32.46, 37.19240721428572]",2400000
100,2021-02-03,37.19240721428572,"[-32.46, 37.19240721428572]",2400000
101,2021-02-04,37.19240721428572,"[-32.46, 37.19240721428572]",2400000
102,2021-02-05,37.19240721428572,"[-32.46, 37.19240721428572]",2400000
103,2021-02-08,37.19240721428572,"[-32.46, 37.19240721428572]",2400000
104,2021-02-09,37.19240721428572,"[-32.46, 37.19240721428572]",2400000
105,2021-02-10,37.19240721428572,"[-32.46, 37.19240721428572]",2400000
106,2021-02-11,37.19240721428572,"[-32.46, 37.19240721428572]",2400000
107,2021-02-12,37.19240721428572,"[-32.46, 37.19240721428572]",2400000
108,2021-02-15,37.19240721428572,"[-32.46, 37.19240721428572]",2400000
109,2021-02-16,37.19240721428572,"[-32.46, 37.19240721428572]",2400000
110,2021-02-17,37.19240721428572,"[-32.46, 37.19240721428572]",2400000
111,2021-02-18,37.19240721428572,"[-32.46, 37.19240721428572]",2400000
112,2021-02-19,37.19240721428572,"[-32.46, 37.19240721428572]",2400000
113,2021-02-22,37.19240721428572,"[-32.46, 37.19240721428572]",2400000
114,2021-02-23,37.19240721428572,"[-32.46, 37.19240721428572]",2400000
115,2021-02-24,37.19240721428572,"[-32.46, 37.19240721428572]",2400000
116,2021-02-25,37.19240721428572,"[-32.46, 37.19240721428572]",2400000
117,2021-02-26,37.19240721428572,"[-32.46, 37.19240721428572]",2400000
118,2021-03-01,37.19240721428572,"[-32.46, 37.19240721428572]",2400000
119,2021-03-02,37.19240721428572,"[-32.46, 37.19240721428572]",2400000
120,2021-03-03,37.19240721428572,"[-32.46, 37.19240721428572]",2400000
121,2021-03-04,37.19240721428572,"[-32.46, 37.19240721428572]",2400000
122,2021-03-05,37.19240721428572,"[-32.46, 37.19240721428572]",2400000
123,2021-03-08,37.19240721428572,"[-32.46, 37.19240721428572]",2400000
124,2021-03-09,37.462717464285724,"[-14.401559342857144, 37.462717464285724]",2300000
125,2021-03-10,37.462717464285724,"[-14.401559342857144, 37.462717464285724]",2300000
126,2021-03-12,37.462717464285724,"[-14.401559342857144, 37.462717464285724]",2300000
127,2021-03-15,37.462717464285724,"[-14.401559342857144, 37.462717464285724]",2300000
128,2021-03-16,37.462717464285724,"[-14.401559342857144, 37.462717464285724]",2300000
129,2021-03-17,37.462717464285724,"[-14.401559342857144, 37.462717464285724]",2300000
130,2021-03-18,37.462717464285724,"[-14.401559342857144, 37.462717464285724]",2300000
131,2021-03-19,37.462717464285724,"[-14.401559342857144, 37.462717464285724]",2300000
132,2021-03-22,37.462717464285724,"[-14.401559342857144, 37.462717464285724]",2300000
133,2021-03-23,37.462717464285724,"[-14.401559342857144, 37.462717464285724]",2300000
134,2021-03-24,37.462717464285724,"[-14.401559342857144, 37.462717464285724]",2300000
135,2021-03-25,37.462717464285724,"[-14.401559342857144, 37.462717464285724]",2300000
136,2021-03-26,37.462717464285724,"[-14.401559342857144, 37.462717464285724]",2300000
137,2021-03-30,37.462717464285724,"[-14.401559342857144, 37.462717464285724]",2300000
138,2021-03-31,37.462717464285724,"[-14.401559342857144, 37.462717464285724]",2300000
139,2021-04-01,37.462717464285724,"[-14.401559342857144, 37.462717464285724]",2300000
140,2021-04-05,37.462717464285724,"[-14.401559342857144, 37.462717464285724]",2300000
141,2021-04-06,37.462717464285724,"[-14.401559342857144, 37.462717464285724]",2300000
142,2021-04-07,37.462717464285724,"[-14.401559342857144, 37.462717464285724]",2300000
143,2021-04-08,37.462717464285724,"[-14.401559342857144, 37.462717464285724]",2300000
144,2021-04-09,37.462717464285724,"[-14.401559342857144, 37.462717464285724]",2300000
145,2021-04-12,37.462717464285724,"[-14.401559342857144, 37.462717464285724]",2300000
146,2021-04-13,37.462717464285724,"[-14.401559342857144, 37.462717464285724]",2300000
147,2021-04-15,37.462717464285724,"[-14.401559342857144, 37.462717464285724]",2300000
148,2021-04-16,37.462717464285724,"[-14.401559342857144, 37.462717464285724]",2300000
149,2021-04-19,37.462717464285724,"[-14.401559342857144, 37.462717464285724]",2300000
150,2021-04-20,40.4460136375,"[-13.473220984615384, 40.4460136375]",2200000
151,2021-04-22,40.4460136375,"[-13.473220984615384, 40.4460136375]",2200000
152,2021-04-23,40.4460136375,"[-13.473220984615384, 40.4460136375]",2200000
153,2021-04-26,40.4460136375,"[-13.473220984615384, 40.4460136375]",2200000
154,2021-04-27,40.4460136375,"[-13.473220984615384, 40.4460136375]",2200000
155,2021-04-28,40.4460136375,"[-13.473220984615384, 40.4460136375]",2200000
156,2021-04-29,40.4460136375,"[-13.473220984615384, 40.4460136375]",2200000
157,2021-04-30,40.4460136375,"[-13.473220984615384, 40.4460136375]",2200000
158,2021-05-03,40.4460136375,"[-13.473220984615384, 40.4460136375]",2200000
159,2021-05-04,40.4460136375,"[-13.473220984615384, 40.4460136375]",2200000
160,2021-05-05,40.4460136375,"[-13.473220984615384, 40.4460136375]",2200000
161,2021-05-06,40.4460136375,"[-13.473220984615384, 40.4460136375]",2200000
162,2021-05-07,43.574994197368426,"[-10.837325466666664, 43.574994197368426]",2100000
163,2021-05-10,43.574994197368426,"[-10.837325466666664, 43.574994197368426]",2100000
164,2021-05-11,43.574994197368426,"[-10.837325466666664, 43.574994197368426]",2100000
165,2021-05-12,43.574994197368426,"[-10.837325466666664, 43.574994197368426]",2100000
166,2021-05-14,43.574994197368426,"[-10.837325466666664, 43.574994197368426]",2100000
167,2021-05-17,43.574994197368426,"[-10.837325466666664, 43.574994197368426]",2100000
168,2021-05-18,43.574994197368426,"[-10.837325466666664, 43.574994197368426]",2100000
169,2021-05-19,43.574994197368426,"[-10.837325466666664, 43.574994197368426]",2100000
170,2021-05-20,43.574994197368426,"[-10.837325466666664, 43.574994197368426]",2100000
171,2021-05-21,43.574994197368426,"[-10.837325466666664, 43.574994197368426]",2100000
172,2021-05-24,43.574994197368426,"[-10.837325466666664, 43.574994197368426]",2100000
173,2021-05-25,43.574994197368426,"[-10.837325466666664, 43.574994197368426]",2100000
174,2021-05-26,43.574994197368426,"[-10.837325466666664, 43.574994197368426]",2100000
175,2021-05-27,43.574994197368426,"[-10.837325466666664, 43.574994197368426]",2100000
176,2021-05-28,43.574994197368426,"[-10.837325466666664, 43.574994197368426]",2100000
177,2021-05-31,43.574994197368426,"[-10.837325466666664, 43.574994197368426]",2100000
178,2021-06-01,43.574994197368426,"[-10.837325466666664, 43.574994197368426]",2100000
179,2021-06-02,43.574994197368426,"[-10.837325466666664, 43.574994197368426]",2100000
180,2021-06-03,43.574994197368426,"[-10.837325466666664, 43.574994197368426]",2100000
181,2021-06-04,43.574994197368426,"[-10.837325466666664, 43.574994197368426]",2100000
182,2021-06-07,43.574994197368426,"[-10.837325466666664, 43.574994197368426]",2100000
183,2021-06-08,43.574994197368426,"[-10.837325466666664, 43.574994197368426]",2100000
184,2021-06-09,43.574994197368426,"[-10.837325466666664, 43.574994197368426]",2100000
185,2021-06-10,43.574994197368426,"[-10.837325466666664, 43.574994197368426]",2100000
186,2021-06-11,43.574994197368426,"[-10.837325466666664, 43.574994197368426]",2100000
187,2021-06-14,43.574994197368426,"[-10.837325466666664, 43.574994197368426]",2100000
188,2021-06-15,43.574994197368426,"[-10.837325466666664, 43.574994197368426]",2100000
189,2021-06-16,43.574994197368426,"[-10.837325466666664, 43.574994197368426]",2100000
190,2021-06-17,43.574994197368426,"[-10.837325466666664, 43.574994197368426]",2100000
191,2021-06-18,43.574994197368426,"[-10.837325466666664, 43.574994197368426]",2100000
192,2021-06-21,43.574994197368426,"[-10.837325466666664, 43.574994197368426]",2100000
193,2021-06-22,43.574994197368426,"[-10.837325466666664, 43.574994197368426]",2100000
194,2021-06-23,43.574994197368426,"[-10.837325466666664, 43.574994197368426]",2100000
195,2021-06-24,43.574994197368426,"[-10.837325466666664, 43.574994197368426]",2100000
196,2021-06-25,43.574994197368426,"[-10.837325466666664, 43.574994197368426]",2100000
197,2021-06-28,43.574994197368426,"[-10.837325466666664, 43.574994197368426]",2100000
198,2021-06-29,43.574994197368426,"[-10.837325466666664, 43.574994197368426]",2100000
199,2021-06-30,43.574994197368426,"[-10.837325466666664, 43.574994197368426]",2100000
200,2021-07-01,43.574994197368426,"[-10.837325466666664, 43.574994197368426]",2100000
201,2021-07-02,43.574994197368426,"[-10.837325466666664, 43.574994197368426]",2100000
202,2021-07-05,43.574994197368426,"[-10.837325466666664, 43.574994197368426]",2100000
203,2021-07-06,43.574994197368426,"[-10.837325466666664, 43.574994197368426]",2100000
204,2021-07-07,43.574994197368426,"[-10.837325466666664, 43.574994197368426]",2100000
205,2021-07-08,43.574994197368426,"[-10.837325466666664, 43.574994197368426]",2100000
206,2021-07-09,43.574994197368426,"[-10.837325466666664, 43.574994197368426]",2100000
207,2021-07-12,43.574994197368426,"[-10.837325466666664, 43.574994197368426]",2100000
208,2021-07-13,43.574994197368426,"[-10.837325466666664, 43.574994197368426]",2100000
209,2021-07-14,43.574994197368426,"[-10.837325466666664, 43.574994197368426]",2100000
210,2021-07-15,43.574994197368426,"[-10.837325466666664, 43.574994197368426]",2100000
211,2021-07-16,43.574994197368426,"[-10.837325466666664, 43.574994197368426]",2100000
212,2021-07-19,43.574994197368426,"[-10.837325466666664, 43.574994197368426]",2100000
213,2021-07-20,43.574994197368426,"[-10.837325466666664, 43.574994197368426]",2100000
214,2021-07-22,43.574994197368426,"[-10.837325466666664, 43.574994197368426]",2100000
215,2021-07-23,47.116176347222236,"[-9.559068418181818, 47.116176347222236]",2000000
216,2021-07-26,47.116176347222236,"[-9.559068418181818, 47.116176347222236]",2000000
217,2021-07-27,47.116176347222236,"[-9.559068418181818, 47.116176347222236]",2000000
218,2021-07-28,47.116176347222236,"[-9.559068418181818, 47.116176347222236]",2000000
219,2021-07-29,47.60957397222223,"[-9.0755625, 47.60957397222223]",1900000
220,2021-07-30,47.60957397222223,"[-9.0755625, 47.60957397222223]",1900000
221,2021-08-02,47.60957397222223,"[-9.0755625, 47.60957397222223]",1900000
222,2021-08-03,47.60957397222223,"[-9.0755625, 47.60957397222223]",1900000
223,2021-08-04,47.60957397222223,"[-9.0755625, 47.60957397222223]",1900000
224,2021-08-05,47.60957397222223,"[-9.0755625, 47.60957397222223]",1900000
225,2021-08-06,47.60957397222223,"[-9.0755625, 47.60957397222223]",1900000
226,2021-08-09,47.60957397222223,"[-9.0755625, 47.60957397222223]",1900000
227,2021-08-10,47.60957397222223,"[-9.0755625, 47.60957397222223]",1900000
228,2021-08-11,47.60957397222223,"[-9.0755625, 47.60957397222223]",1900000
229,2021-08-12,49.284156647058836,"[-8.454867071428572, 49.284156647058836]",1800000
230,2021-08-13,49.284156647058836,"[-8.454867071428572, 49.284156647058836]",1800000
231,2021-08-16,49.284156647058836,"[-8.454867071428572, 49.284156647058836]",1800000
232,2021-08-17,49.284156647058836,"[-8.454867071428572, 49.284156647058836]",1800000
233,2021-08-18,49.284156647058836,"[-8.454867071428572, 49.284156647058836]",1800000
234,2021-08-20,49.284156647058836,"[-8.454867071428572, 49.284156647058836]",1800000
235,2021-08-23,49.284156647058836,"[-8.454867071428572, 49.284156647058836]",1800000
236,2021-08-24,49.284156647058836,"[-8.454867071428572, 49.284156647058836]",1800000
237,2021-08-25,49.284156647058836,"[-8.454867071428572, 49.284156647058836]",1800000
238,2021-08-26,49.284156647058836,"[-8.454867071428572, 49.284156647058836]",1800000
239,2021-08-27,49.284156647058836,"[-8.454867071428572, 49.284156647058836]",1800000
240,2021-08-30,49.284156647058836,"[-8.454867071428572, 49.284156647058836]",1800000
241,2021-08-31,49.284156647058836,"[-8.454867071428572, 49.284156647058836]",1800000
242,2021-09-01,49.284156647058836,"[-8.454867071428572, 49.284156647058836]",1800000
243,2021-09-02,49.284156647058836,"[-8.454867071428572, 49.284156647058836]",1800000
244,2021-09-03,49.284156647058836,"[-8.454867071428572, 49.284156647058836]",1800000
245,2021-09-06,49.284156647058836,"[-8.454867071428572, 49.284156647058836]",1800000
246,2021-09-07,49.284156647058836,"[-8.454867071428572, 49.284156647058836]",1800000
247,2021-09-08,49.284156647058836,"[-8.454867071428572, 49.284156647058836]",1800000
248,2021-09-09,49.284156647058836,"[-8.454867071428572, 49.284156647058836]",1800000
249,2021-09-13,49.284156647058836,"[-8.454867071428572, 49.284156647058836]",1800000
250,2021-09-14,49.284156647058836,"[-8.454867071428572, 49.284156647058836]",1800000
251,2021-09-15,49.284156647058836,"[-8.454867071428572, 49.284156647058836]",1800000
252,2021-09-16,49.284156647058836,"[-8.454867071428572, 49.284156647058836]",1800000
253,2021-09-17,49.284156647058836,"[-8.454867071428572, 49.284156647058836]",1800000
254,2021-09-20,49.284156647058836,"[-8.454867071428572, 49.284156647058836]",1800000
255,2021-09-21,49.284156647058836,"[-8.454867071428572, 49.284156647058836]",1800000
256,2021-09-22,49.284156647058836,"[-8.454867071428572, 49.284156647058836]",1800000
257,2021-09-23,49.284156647058836,"[-8.454867071428572, 49.284156647058836]",1800000
258,2021-09-24,49.284156647058836,"[-8.454867071428572, 49.284156647058836]",1800000
259,2021-09-27,49.284156647058836,"[-8.454867071428572, 49.284156647058836]",1800000
260,2021-09-28,49.284156647058836,"[-8.454867071428572, 49.284156647058836]",1800000
261,2021-09-29,49.284156647058836,"[-8.454867071428572, 49.284156647058836]",1800000
262,2021-09-30,49.284156647058836,"[-8.454867071428572, 49.284156647058836]",1800000
263,2021-10-01,49.284156647058836,"[-8.454867071428572, 49.284156647058836]",1800000
264,2021-10-04,49.284156647058836,"[-8.454867071428572, 49.284156647058836]",1800000
265,2021-10-05,49.284156647058836,"[-8.454867071428572, 49.284156647058836]",1800000
266,2021-10-06,49.284156647058836,"[-8.454867071428572, 49.284156647058836]",1800000
267,2021-10-07,49.284156647058836,"[-8.454867071428572, 49.284156647058836]",1800000
268,2021-10-08,49.284156647058836,"[-8.454867071428572, 49.284156647058836]",1800000
269,2021-10-11,49.284156647058836,"[-8.454867071428572, 49.284156647058836]",1800000
270,2021-10-12,49.284156647058836,"[-8.454867071428572, 49.284156647058836]",1800000
271,2021-10-13,49.284156647058836,"[-8.454867071428572, 49.284156647058836]",1800000
272,2021-10-14,49.284156647058836,"[-8.454867071428572, 49.284156647058836]",1800000
273,2021-10-18,49.284156647058836,"[-8.454867071428572, 49.284156647058836]",1800000
274,2021-10-19,49.284156647058836,"[-8.454867071428572, 49.284156647058836]",1800000
275,2021-10-20,49.284156647058836,"[-8.454867071428572, 49.284156647058836]",1800000
276,2021-10-21,49.284156647058836,"[-8.454867071428572, 49.284156647058836]",1800000
277,2021-10-22,49.284156647058836,"[-8.454867071428572, 49.284156647058836]",1800000
278,2021-10-25,49.284156647058836,"[-8.454867071428572, 49.284156647058836]",1800000
279,2021-10-26,49.284156647058836,"[-8.454867071428572, 49.284156647058836]",1800000
280,2021-10-27,49.284156647058836,"[-8.454867071428572, 49.284156647058836]",1800000
281,2021-10-28,49.284156647058836,"[-8.454867071428572, 49.284156647058836]",1800000
282,2021-10-29,49.284156647058836,"[-8.454867071428572, 49.284156647058836]",1800000
283,2021-11-01,49.284156647058836,"[-8.454867071428572, 49.284156647058836]",1800000
284,2021-11-02,49.284156647058836,"[-8.454867071428572, 49.284156647058836]",1800000
285,2021-11-03,49.284156647058836,"[-8.454867071428572, 49.284156647058836]",1800000
286,2021-11-04,49.284156647058836,"[-8.454867071428572, 49.284156647058836]",1800000
287,2021-11-08,49.284156647058836,"[-8.454867071428572, 49.284156647058836]",1800000
288,2021-11-09,49.284156647058836,"[-8.454867071428572, 49.284156647058836]",1800000
289,2021-11-10,49.284156647058836,"[-8.454867071428572, 49.284156647058836]",1800000
290,2021-11-11,49.284156647058836,"[-8.454867071428572, 49.284156647058836]",1800000
291,2021-11-12,49.284156647058836,"[-8.454867071428572, 49.284156647058836]",1800000
292,2021-11-15,49.284156647058836,"[-8.454867071428572, 49.284156647058836]",1800000
293,2021-11-16,49.284156647058836,"[-8.454867071428572, 49.284156647058836]",1800000
294,2021-11-17,49.284156647058836,"[-8.454867071428572, 49.284156647058836]",1800000
295,2021-11-18,49.284156647058836,"[-8.454867071428572, 49.284156647058836]",1800000
296,2021-11-22,49.284156647058836,"[-8.454867071428572, 49.284156647058836]",1800000
297,2021-11-23,49.284156647058836,"[-8.454867071428572, 49.284156647058836]",1800000
298,2021-11-24,50.1336753125,"[-9.708860174999998, 50.1336753125]",1700000
299,2021-11-25,50.1336753125,"[-9.708860174999998, 50.1336753125]",1700000
300,2021-11-26,50.1336753125,"[-9.708860174999998, 50.1336753125]",1700000
301,2021-11-29,50.1336753125,"[-9.708860174999998, 50.1336753125]",1700000
302,2021-11-30,52.93730060000001,"[-13.298498800000008, 52.93730060000001]",1600000
303,2021-12-01,52.93730060000001,"[-13.298498800000008, 52.93730060000001]",1600000
304,2021-12-02,52.93730060000001,"[-13.298498800000008, 52.93730060000001]",1600000
305,2021-12-03,52.93730060000001,"[-13.298498800000008, 52.93730060000001]",1600000
306,2021-12-06,52.93730060000001,"[-13.298498800000008, 52.93730060000001]",1600000
307,2021-12-07,52.93730060000001,"[-13.298498800000008, 52.93730060000001]",1600000
308,2021-12-08,52.93730060000001,"[-13.298498800000008, 52.93730060000001]",1600000
309,2021-12-09,52.93730060000001,"[-13.298498800000008, 52.93730060000001]",1600000
310,2021-12-10,52.93730060000001,"[-13.298498800000008, 52.93730060000001]",1600000
311,2021-12-13,52.93730060000001,"[-13.298498800000008, 52.93730060000001]",1600000
312,2021-12-14,52.93730060000001,"[-13.298498800000008, 52.93730060000001]",1600000
313,2021-12-15,52.93730060000001,"[-13.298498800000008, 52.93730060000001]",1600000
314,2021-12-16,52.93730060000001,"[-13.298498800000008, 52.93730060000001]",1600000
315,2021-12-17,52.93730060000001,"[-13.298498800000008, 52.93730060000001]",1600000
316,2021-12-20,52.93730060000001,"[-13.298498800000008, 52.93730060000001]",1600000
317,2021-12-21,56.18962850000001,"[-13.308199125000003, 56.18962850000001]",1500000
318,2021-12-22,56.18962850000001,"[-13.308199125000003, 56.18962850000001]",1500000
319,2021-12-23,56.18962850000001,"[-13.308199125000003, 56.18962850000001]",1500000
320,2021-12-24,56.18962850000001,"[-13.308199125000003, 56.18962850000001]",1500000
321,2021-12-27,56.18962850000001,"[-13.308199125000003, 56.18962850000001]",1500000
322,2021-12-28,56.18962850000001,"[-13.308199125000003, 56.18962850000001]",1500000
323,2021-12-29,56.18962850000001,"[-13.308199125000003, 56.18962850000001]",1500000
324,2021-12-30,56.18962850000001,"[-13.308199125000003, 56.18962850000001]",1500000
325,2021-12-31,56.18962850000001,"[-13.308199125000003, 56.18962850000001]",1500000
326,2022-01-03,56.18962850000001,"[-13.308199125000003, 56.18962850000001]",1500000
327,2022-01-04,56.18962850000001,"[-13.308199125000003, 56.18962850000001]",1500000
328,2022-01-05,56.18962850000001,"[-13.308199125000003, 56.18962850000001]",1500000
329,2022-01-06,56.18962850000001,"[-13.308199125000003, 56.18962850000001]",1500000
330,2022-01-07,56.18962850000001,"[-13.308199125000003, 56.18962850000001]",1500000
331,2022-01-10,56.18962850000001,"[-13.308199125000003, 56.18962850000001]",1500000
332,2022-01-11,56.18962850000001,"[-13.308199125000003, 56.18962850000001]",1500000
333,2022-01-12,56.18962850000001,"[-13.308199125000003, 56.18962850000001]",1500000
334,2022-01-13,56.18962850000001,"[-13.308199125000003, 56.18962850000001]",1500000
335,2022-01-14,56.18962850000001,"[-13.308199125000003, 56.18962850000001]",1500000
336,2022-01-17,56.18962850000001,"[-13.308199125000003, 56.18962850000001]",1500000
337,2022-01-18,56.18962850000001,"[-13.308199125000003, 56.18962850000001]",1500000
338,2022-01-19,56.18962850000001,"[-13.308199125000003, 56.18962850000001]",1500000
339,2022-01-20,56.18962850000001,"[-13.308199125000003, 56.18962850000001]",1500000
340,2022-01-21,56.18962850000001,"[-13.308199125000003, 56.18962850000001]",1500000
341,2022-01-24,56.18962850000001,"[-13.308199125000003, 56.18962850000001]",1500000
342,2022-01-25,61.07037903846154,"[-7.585438250000007, 61.07037903846154]",1300000
343,2022-01-27,61.07037903846154,"[-7.585438250000007, 61.07037903846154]",1300000
344,2022-01-28,61.07037903846154,"[-7.585438250000007, 61.07037903846154]",1300000
345,2022-01-31,61.07037903846154,"[-7.585438250000007, 61.07037903846154]",1300000
346,2022-02-01,61.07037903846154,"[-7.585438250000007, 61.07037903846154]",1300000
347,2022-02-02,61.07037903846154,"[-7.585438250000007, 61.07037903846154]",1300000
348,2022-02-03,61.07037903846154,"[-7.585438250000007, 61.07037903846154]",1300000
349,2022-02-04,61.07037903846154,"[-7.585438250000007, 61.07037903846154]",1300000
350,2022-02-07,61.07037903846154,"[-7.585438250000007, 61.07037903846154]",1300000
351,2022-02-08,61.07037903846154,"[-7.585438250000007, 61.07037903846154]",1300000
352,2022-02-09,61.07037903846154,"[-7.585438250000007, 61.07037903846154]",1300000
353,2022-02-10,61.07037903846154,"[-7.585438250000007, 61.07037903846154]",1300000
354,2022-02-11,61.07037903846154,"[-7.585438250000007, 61.07037903846154]",1300000
355,2022-02-14,61.07037903846154,"[-7.585438250000007, 61.07037903846154]",1300000
356,2022-02-15,61.07037903846154,"[-7.585438250000007, 61.07037903846154]",1300000
357,2022-02-16,61.07037903846154,"[-7.585438250000007, 61.07037903846154]",1300000
358,2022-02-17,61.07037903846154,"[-7.585438250000007, 61.07037903846154]",1300000
359,2022-02-18,61.07037903846154,"[-7.585438250000007, 61.07037903846154]",1300000
360,2022-02-21,61.07037903846154,"[-7.585438250000007, 61.07037903846154]",1300000
361,2022-02-22,61.07037903846154,"[-7.585438250000007, 61.07037903846154]",1300000
362,2022-02-23,61.07037903846154,"[-7.585438250000007, 61.07037903846154]",1300000
363,2022-02-24,61.07037903846154,"[-7.585438250000007, 61.07037903846154]",1300000
364,2022-02-25,65.16296637500001,"[-5.401555500000002, 65.16296637500001]",1200000
365,2022-02-28,65.16296637500001,"[-5.401555500000002, 65.16296637500001]",1200000
366,2022-03-02,65.16296637500001,"[-5.401555500000002, 65.16296637500001]",1200000
367,2022-03-03,65.16296637500001,"[-5.401555500000002, 65.16296637500001]",1200000
368,2022-03-04,65.16296637500001,"[-5.401555500000002, 65.16296637500001]",1200000
369,2022-03-07,60.558322772727294,"[-3.210701000000001, 60.558322772727294]",1100000
370,2022-03-08,60.558322772727294,"[-3.210701000000001, 60.558322772727294]",1100000
371,2022-03-09,60.558322772727294,"[-3.210701000000001, 60.558322772727294]",1100000
372,2022-03-10,60.558322772727294,"[-3.210701000000001, 60.558322772727294]",1100000
373,2022-03-11,60.558322772727294,"[-3.210701000000001, 60.558322772727294]",1100000
374,2022-03-14,65.59911560000002,"[0, 65.59911560000002]",1000000
375,2022-03-15,65.59911560000002,"[0, 65.59911560000002]",1000000
376,2022-03-16,65.59911560000002,"[0, 65.59911560000002]",1000000
377,2022-03-17,65.59911560000002,"[0, 65.59911560000002]",1000000
378,2022-03-21,65.59911560000002,"[0, 65.59911560000002]",1000000
379,2022-03-22,65.59911560000002,"[0, 65.59911560000002]",1000000
380,2022-03-23,65.59911560000002,"[0, 65.59911560000002]",1000000
381,2022-03-24,65.59911560000002,"[0, 65.59911560000002]",1000000
382,2022-03-25,65.59911560000002,"[0, 65.59911560000002]",1000000
383,2022-03-28,65.59911560000002,"[0, 65.59911560000002]",1000000
384,2022-03-29,65.59911560000002,"[0, 65.59911560000002]",1000000
385,2022-03-30,65.59911560000002,"[0, 65.59911560000002]",1000000
386,2022-03-31,65.59911560000002,"[0, 65.59911560000002]",1000000
387,2022-04-01,65.59911560000002,"[0, 65.59911560000002]",1000000
388,2022-04-04,65.59911560000002,"[0, 65.59911560000002]",1000000
389,2022-04-05,65.59911560000002,"[0, 65.59911560000002]",1000000
390,2022-04-06,65.59911560000002,"[0, 65.59911560000002]",1000000
391,2022-04-07,65.59911560000002,"[0, 65.59911560000002]",1000000
392,2022-04-08,65.59911560000002,"[0, 65.59911560000002]",1000000
393,2022-04-11,65.59911560000002,"[0, 65.59911560000002]",1000000
394,2022-04-12,65.59911560000002,"[0, 65.59911560000002]",1000000
395,2022-04-13,65.59911560000002,"[0, 65.59911560000002]",1000000
396,2022-04-18,65.59911560000002,"[0, 65.59911560000002]",1000000
397,2022-04-19,65.59911560000002,"[0, 65.59911560000002]",1000000
398,2022-04-20,65.59911560000002,"[0, 65.59911560000002]",1000000
399,2022-04-21,65.59911560000002,"[0, 65.59911560000002]",1000000
400,2022-04-22,65.59911560000002,"[0, 65.59911560000002]",1000000
401,2022-04-25,65.59911560000002,"[0, 65.59911560000002]",1000000
402,2022-04-26,65.59911560000002,"[0, 65.59911560000002]",1000000
403,2022-04-27,65.59911560000002,"[0, 65.59911560000002]",1000000
404,2022-04-28,65.59911560000002,"[0, 65.59911560000002]",1000000
405,2022-04-29,65.59911560000002,"[0, 65.59911560000002]",1000000
406,2022-05-02,65.59911560000002,"[0, 65.59911560000002]",1000000
407,2022-05-04,65.59911560000002,"[0, 65.59911560000002]",1000000
408,2022-05-05,65.59911560000002,"[0, 65.59911560000002]",1000000
409,2022-05-06,65.59911560000002,"[0, 65.59911560000002]",1000000
410,2022-05-09,65.59911560000002,"[0, 65.59911560000002]",1000000
411,2022-05-10,65.59911560000002,"[2.666249250000001, 65.59911560000002]",1000000
412,2022-05-11,55.44572666666667,"[0, 55.44572666666667]",900000
413,2022-05-12,55.44572666666667,"[0, 55.44572666666667]",900000
414,2022-05-13,55.44572666666667,"[0, 55.44572666666667]",900000
415,2022-05-16,55.44572666666667,"[0, 55.44572666666667]",900000
416,2022-05-17,55.44572666666667,"[0, 55.44572666666667]",900000
417,2022-05-18,55.44572666666667,"[0, 55.44572666666667]",900000
418,2022-05-19,55.44572666666667,"[0, 55.44572666666667]",900000
419,2022-05-20,55.44572666666667,"[0, 55.44572666666667]",900000
420,2022-05-23,55.44572666666667,"[0, 55.44572666666667]",900000
421,2022-05-24,55.44572666666667,"[0, 55.44572666666667]",900000
422,2022-05-25,55.44572666666667,"[0.04418983333333267, 55.44572666666667]",900000
423,2022-05-26,62.64643707142858,"[4.039312000000005, 62.64643707142858]",700000
424,2022-05-27,66.49405008333335,"[0, 66.49405008333335]",600000
425,2022-05-30,66.49405008333335,"[0, 66.49405008333335]",600000
426,2022-05-31,66.49405008333335,"[0, 66.49405008333335]",600000
427,2022-06-01,66.49405008333335,"[0, 66.49405008333335]",600000
428,2022-06-02,66.49405008333335,"[0, 66.49405008333335]",600000
429,2022-06-03,66.49405008333335,"[0, 66.49405008333335]",600000
430,2022-06-06,66.49405008333335,"[0, 66.49405008333335]",600000
431,2022-06-07,66.49405008333335,"[0, 66.49405008333335]",600000
432,2022-06-08,66.49405008333335,"[0, 66.49405008333335]",600000
433,2022-06-09,66.49405008333335,"[0, 66.49405008333335]",600000
434,2022-06-10,66.49405008333335,"[0, 66.49405008333335]",600000
435,2022-06-13,66.49405008333335,"[0, 66.49405008333335]",600000
436,2022-06-14,66.49405008333335,"[0, 66.49405008333335]",600000
437,2022-06-15,66.49405008333335,"[0, 66.49405008333335]",600000
438,2022-06-16,66.49405008333335,"[0, 66.49405008333335]",600000
439,2022-06-17,66.49405008333335,"[0, 66.49405008333335]",600000
440,2022-06-20,66.49405008333335,"[0, 66.49405008333335]",600000
441,2022-06-21,66.49405008333335,"[0, 66.49405008333335]",600000
442,2022-06-22,66.49405008333335,"[0, 66.49405008333335]",600000
443,2022-06-23,66.49405008333335,"[0, 66.49405008333335]",600000
444,2022-06-24,66.49405008333335,"[0, 66.49405008333335]",600000
445,2022-06-27,66.49405008333335,"[0, 66.49405008333335]",600000
446,2022-06-28,66.49405008333335,"[0, 66.49405008333335]",600000
447,2022-06-29,66.49405008333335,"[0, 66.49405008333335]",600000
448,2022-06-30,66.49405008333335,"[3.202064000000013, 66.49405008333335]",600000
449,2022-07-01,54.65981460000002,"[-1.488897599999997, 55.137599]",500000
450,2022-07-04,54.65981460000002,"[-1.488897599999997, 55.137599]",500000
451,2022-07-05,54.65981460000002,"[-1.488897599999997, 55.137599]",500000
452,2022-07-06,54.65981460000002,"[-1.488897599999997, 55.137599]",500000
453,2022-07-07,54.65981460000002,"[-1.488897599999997, 55.137599]",500000
454,2022-07-08,54.65981460000002,"[-1.488897599999997, 55.137599]",500000
455,2022-07-11,54.65981460000002,"[-1.488897599999997, 55.137599]",500000
456,2022-07-12,54.65981460000002,"[-1.488897599999997, 55.137599]",500000
457,2022-07-13,54.65981460000002,"[-1.488897599999997, 55.137599]",500000
458,2022-07-14,54.65981460000002,"[-1.488897599999997, 55.137599]",500000
459,2022-07-15,54.65981460000002,"[-1.488897599999997, 55.137599]",500000
460,2022-07-18,54.65981460000002,"[-1.488897599999997, 55.137599]",500000
461,2022-07-19,54.65981460000002,"[-1.488897599999997, 55.137599]",500000
462,2022-07-20,54.65981460000002,"[-1.488897599999997, 55.137599]",500000
463,2022-07-21,54.65981460000002,"[-1.488897599999997, 55.137599]",500000
464,2022-07-22,54.65981460000002,"[-1.488897599999997, 55.137599]",500000
465,2022-07-25,54.65981460000002,"[-1.488897599999997, 55.137599]",500000
466,2022-07-26,54.65981460000002,"[-1.488897599999997, 55.137599]",500000
467,2022-07-27,56.315061250000014,"[-9.490921599999986, 58.182218750000004]",400000
468,2022-07-28,56.315061250000014,"[-9.490921599999986, 58.182218750000004]",400000
469,2022-07-29,56.315061250000014,"[-9.490921599999986, 58.182218750000004]",400000
470,2022-08-01,56.315061250000014,"[-9.490921599999986, 58.182218750000004]",400000
471,2022-08-02,56.315061250000014,"[-9.490921599999986, 58.182218750000004]",400000
472,2022-08-03,56.315061250000014,"[-9.490921599999986, 58.182218750000004]",400000
473,2022-08-04,56.315061250000014,"[-9.490921599999986, 58.182218750000004]",400000
474,2022-08-05,56.315061250000014,"[-9.490921599999986, 58.182218750000004]",400000
475,2022-08-08,56.315061250000014,"[-9.490921599999986, 58.182218750000004]",400000
476,2022-08-10,56.315061250000014,"[-9.490921599999986, 58.182218750000004]",400000
477,2022-08-11,56.315061250000014,"[-9.490921599999986, 58.182218750000004]",400000
478,2022-08-12,56.315061250000014,"[-9.490921599999986, 58.182218750000004]",400000
479,2022-08-16,56.315061250000014,"[-9.490921599999986, 58.182218750000004]",400000
480,2022-08-17,56.315061250000014,"[-9.490921599999986, 58.182218750000004]",400000
481,2022-08-18,56.315061250000014,"[-9.490921599999986, 58.182218750000004]",400000
482,2022-08-19,56.315061250000014,"[-9.490921599999986, 58.182218750000004]",400000
483,2022-08-22,56.315061250000014,"[-9.490921599999986, 58.182218750000004]",400000
484,2022-08-23,56.315061250000014,"[-9.490921599999986, 58.182218750000004]",400000
485,2022-08-24,56.315061250000014,"[-9.490921599999986, 58.182218750000004]",400000
486,2022-08-25,56.315061250000014,"[-9.490921599999986, 58.182218750000004]",400000
487,2022-08-26,56.315061250000014,"[-9.490921599999986, 58.182218750000004]",400000
488,2022-08-29,56.315061250000014,"[-9.490921599999986, 58.182218750000004]",400000
489,2022-08-30,56.315061250000014,"[-9.490921599999986, 58.182218750000004]",400000
490,2022-09-01,56.315061250000014,"[-9.490921599999986, 58.182218750000004]",400000
491,2022-09-02,56.315061250000014,"[-9.490921599999986, 58.182218750000004]",400000
492,2022-09-05,56.315061250000014,"[-9.490921599999986, 58.182218750000004]",400000
493,2022-09-06,56.315061250000014,"[-9.490921599999986, 58.182218750000004]",400000
494,2022-09-07,56.315061250000014,"[-9.490921599999986, 58.182218750000004]",400000
495,2022-09-08,56.315061250000014,"[-9.490921599999986, 58.182218750000004]",400000
496,2022-09-09,56.315061250000014,"[-9.490921599999986, 58.182218750000004]",400000
497,2022-09-12,56.315061250000014,"[-9.490921599999986, 58.182218750000004]",400000
498,2022-09-13,56.315061250000014,"[-9.490921599999986, 58.182218750000004]",400000
499,2022-09-14,56.315061250000014,"[-9.490921599999986, 58.182218750000004]",400000
500,2022-09-15,21.98679366666668,"[-24.6659078, 26.879735333333343]",300000
501,2022-09-16,21.98679366666668,"[-24.6659078, 26.879735333333343]",300000
502,2022-09-19,21.98679366666668,"[-24.6659078, 26.879735333333343]",300000
503,2022-09-20,21.98679366666668,"[-24.6659078, 26.879735333333343]",300000
504,2022-09-21,21.98679366666668,"[-24.6659078, 26.879735333333343]",300000
505,2022-09-22,21.98679366666668,"[-24.6659078, 26.879735333333343]",300000
506,2022-09-23,21.98679366666668,"[-24.6659078, 26.879735333333343]",300000
507,2022-09-26,21.98679366666668,"[-24.6659078, 26.879735333333343]",300000
508,2022-09-27,21.98679366666668,"[-24.6659078, 26.879735333333343]",300000
509,2022-09-28,21.98679366666668,"[-24.6659078, 26.879735333333343]",300000
510,2022-09-29,21.98679366666668,"[-24.6659078, 26.879735333333343]",300000
511,2022-09-30,21.98679366666668,"[-24.6659078, 26.879735333333343]",300000
512,2022-10-03,21.98679366666668,"[-24.6659078, 26.879735333333343]",300000
513,2022-10-04,21.98679366666668,"[-24.6659078, 26.879735333333343]",300000
514,2022-10-06,21.98679366666668,"[-24.6659078, 26.879735333333343]",300000
515,2022-10-07,21.98679366666668,"[-24.6659078, 26.879735333333343]",300000
516,2022-10-10,21.98679366666668,"[-24.6659078, 26.879735333333343]",300000
517,2022-10-11,21.98679366666668,"[-24.6659078, 26.879735333333343]",300000
518,2022-10-12,21.98679366666668,"[-24.6659078, 26.879735333333343]",300000
519,2022-10-13,21.98679366666668,"[-24.6659078, 26.879735333333343]",300000
520,2022-10-14,21.98679366666668,"[-24.6659078, 26.879735333333343]",300000
521,2022-10-17,21.98679366666668,"[-24.6659078, 26.879735333333343]",300000
522,2022-10-18,21.98679366666668,"[-24.6659078, 26.879735333333343]",300000
523,2022-10-19,21.98679366666668,"[-24.6659078, 26.879735333333343]",300000
524,2022-10-20,21.98679366666668,"[-24.6659078, 26.879735333333343]",300000
525,2022-10-21,21.98679366666668,"[-24.6659078, 26.879735333333343]",300000
526,2022-10-24,21.98679366666668,"[-24.6659078, 26.879735333333343]",300000
527,2022-10-25,21.98679366666668,"[-24.6659078, 26.879735333333343]",300000
528,2022-10-27,21.98679366666668,"[-24.6659078, 26.879735333333343]",300000
529,2022-10-28,21.98679366666668,"[-24.6659078, 26.879735333333343]",300000
530,2022-10-31,21.98679366666668,"[-24.6659078, 26.879735333333343]",300000
531,2022-11-01,21.98679366666668,"[-24.6659078, 26.879735333333343]",300000
532,2022-11-02,21.98679366666668,"[-24.6659078, 26.879735333333343]",300000
533,2022-11-03,21.98679366666668,"[-24.6659078, 26.879735333333343]",300000
534,2022-11-04,21.98679366666668,"[-24.6659078, 26.879735333333343]",300000
535,2022-11-07,21.98679366666668,"[-24.6659078, 26.879735333333343]",300000
536,2022-11-09,21.98679366666668,"[-24.6659078, 26.879735333333343]",300000
537,2022-11-10,21.98679366666668,"[-24.6659078, 26.879735333333343]",300000
538,2022-11-11,21.98679366666668,"[-24.6659078, 26.879735333333343]",300000
539,2022-11-14,21.98679366666668,"[-24.6659078, 26.879735333333343]",300000
540,2022-11-15,21.98679366666668,"[-24.6659078, 26.879735333333343]",300000
541,2022-11-16,21.98679366666668,"[-24.6659078, 26.879735333333343]",300000
542,2022-11-17,21.98679366666668,"[-24.6659078, 26.879735333333343]",300000
543,2022-11-18,21.98679366666668,"[-24.6659078, 26.879735333333343]",300000
544,2022-11-21,21.98679366666668,"[-24.6659078, 26.879735333333343]",300000
545,2022-11-22,21.98679366666668,"[-24.6659078, 26.879735333333343]",300000
546,2022-11-23,21.98679366666668,"[-24.6659078, 26.879735333333343]",300000
547,2022-11-24,21.98679366666668,"[-24.6659078, 26.879735333333343]",300000
548,2022-11-25,21.98679366666668,"[-24.6659078, 26.879735333333343]",300000
549,2022-11-28,21.98679366666668,"[-24.6659078, 26.879735333333343]",300000
550,2022-11-29,21.98679366666668,"[-24.6659078, 26.879735333333343]",300000
551,2022-11-30,21.98679366666668,"[-24.6659078, 26.879735333333343]",300000
552,2022-12-01,21.98679366666668,"[-24.6659078, 26.879735333333343]",300000
553,2022-12-02,21.98679366666668,"[-24.6659078, 26.879735333333343]",300000
554,2022-12-05,21.98679366666668,"[-24.6659078, 26.879735333333343]",300000
555,2022-12-06,21.98679366666668,"[-24.6659078, 26.879735333333343]",300000
556,2022-12-07,21.98679366666668,"[-24.6659078, 26.879735333333343]",300000
557,2022-12-08,21.98679366666668,"[-24.6659078, 26.879735333333343]",300000
558,2022-12-09,21.98679366666668,"[-24.6659078, 26.879735333333343]",300000
559,2022-12-12,21.98679366666668,"[-24.6659078, 26.879735333333343]",300000
560,2022-12-13,21.98679366666668,"[-24.6659078, 26.879735333333343]",300000
561,2022-12-14,21.98679366666668,"[-24.6659078, 26.879735333333343]",300000
562,2022-12-15,21.98679366666668,"[-24.6659078, 26.879735333333343]",300000
563,2022-12-16,21.98679366666668,"[-24.6659078, 26.879735333333343]",300000
564,2022-12-19,21.98679366666668,"[-24.6659078, 26.879735333333343]",300000
565,2022-12-20,21.98679366666668,"[-24.6659078, 26.879735333333343]",300000
566,2022-12-21,21.98679366666668,"[-24.6659078, 26.879735333333343]",300000
567,2022-12-22,21.98679366666668,"[-24.6659078, 26.879735333333343]",300000
568,2022-12-23,21.98679366666668,"[-24.6659078, 26.879735333333343]",300000
569,2022-12-26,21.98679366666668,"[-24.6659078, 26.879735333333343]",300000
570,2022-12-27,21.98679366666668,"[-24.6659078, 26.879735333333343]",300000
571,2022-12-28,21.98679366666668,"[-24.6659078, 26.879735333333343]",300000
572,2022-12-29,21.98679366666668,"[-24.6659078, 26.879735333333343]",300000
573,2022-12-30,21.98679366666668,"[-24.6659078, 26.879735333333343]",300000
574,2023-01-02,17.03334800000002,"[-33.93439299999999, 24.38742350000001]",200000
575,2023-01-03,17.03334800000002,"[-33.93439299999999, 24.38742350000001]",200000
576,2023-01-04,17.03334800000002,"[-33.93439299999999, 24.38742350000001]",200000
577,2023-01-05,17.03334800000002,"[-33.93439299999999, 24.38742350000001]",200000
578,2023-01-06,17.03334800000002,"[-33.93439299999999, 24.38742350000001]",200000
579,2023-01-09,17.03334800000002,"[-33.93439299999999, 24.38742350000001]",200000
580,2023-01-10,17.03334800000002,"[-33.93439299999999, 24.38742350000001]",200000
581,2023-01-11,17.03334800000002,"[-33.93439299999999, 24.38742350000001]",200000
582,2023-01-12,17.03334800000002,"[-33.93439299999999, 24.38742350000001]",200000
583,2023-01-13,17.03334800000002,"[-33.93439299999999, 24.38742350000001]",200000
584,2023-01-16,17.03334800000002,"[-33.93439299999999, 24.38742350000001]",200000
585,2023-01-17,17.03334800000002,"[-33.93439299999999, 24.38742350000001]",200000
586,2023-01-18,17.03334800000002,"[-33.93439299999999, 24.38742350000001]",200000
587,2023-01-19,17.03334800000002,"[-33.93439299999999, 24.38742350000001]",200000
588,2023-01-20,17.03334800000002,"[-33.93439299999999, 24.38742350000001]",200000
589,2023-01-23,17.03334800000002,"[-33.93439299999999, 24.38742350000001]",200000
590,2023-01-24,17.03334800000002,"[-33.93439299999999, 24.38742350000001]",200000
591,2023-01-25,17.03334800000002,"[-33.93439299999999, 24.38742350000001]",200000
592,2023-01-27,17.03334800000002,"[-33.93439299999999, 24.38742350000001]",200000
593,2023-01-30,20.893004000000015,"[-1.1115339999999996, 37.897141999999995]",100000
594,2023-01-31,20.893004000000015,"[-1.1115339999999996, 37.897141999999995]",100000
595,2023-02-01,20.893004000000015,"[-1.1115339999999996, 37.897141999999995]",100000
596,2023-02-02,20.893004000000015,"[-1.1115339999999996, 37.897141999999995]",100000
597,2023-02-03,20.893004000000015,"[-1.1115339999999996, 37.897141999999995]",100000
598,2023-02-06,20.893004000000015,"[-1.1115339999999996, 37.897141999999995]",100000
599,2023-02-07,20.893004000000015,"[-1.1115339999999996, 37.897141999999995]",100000
600,2023-02-08,20.893004000000015,"[-1.1115339999999996, 37.897141999999995]",100000
601,2023-02-09,20.893004000000015,"[-1.1115339999999996, 37.897141999999995]",100000
602,2023-02-10,20.893004000000015,"[-1.1115339999999996, 37.897141999999995]",100000
603,2023-02-13,20.893004000000015,"[-1.1115339999999996, 37.897141999999995]",100000
604,2023-02-14,20.893004000000015,"[-1.1115339999999996, 37.897141999999995]",100000
605,2023-02-15,20.893004000000015,"[-1.1115339999999996, 37.897141999999995]",100000
606,2023-02-16,20.893004000000015,"[-1.1115339999999996, 37.897141999999995]",100000
607,2023-02-17,20.893004000000015,"[-1.1115339999999996, 37.897141999999995]",100000
608,2023-02-20,20.893004000000015,"[-1.1115339999999996, 37.897141999999995]",100000
609,2023-02-21,20.893004000000015,"[-1.1115339999999996, 37.897141999999995]",100000
610,2023-02-22,20.893004000000015,"[-1.1115339999999996, 37.897141999999995]",100000
611,2023-02-23,20.893004000000015,"[-1.1115339999999996, 37.897141999999995]",100000
612,2023-02-24,20.893004000000015,"[-1.1115339999999996, 37.897141999999995]",100000
613,2023-02-27,20.893004000000015,"[-1.1115339999999996, 37.897141999999995]",100000
614,2023-02-28,20.893004000000015,"[-1.1115339999999996, 37.897141999999995]",100000
615,2023-03-01,20.893004000000015,"[-1.1115339999999996, 37.897141999999995]",100000
616,2023-03-02,20.893004000000015,"[-1.1115339999999996, 37.897141999999995]",100000
617,2023-03-03,20.893004000000015,"[-1.1115339999999996, 37.897141999999995]",100000
618,2023-03-06,20.893004000000015,"[-1.1115339999999996, 37.897141999999995]",100000
619,2023-03-08,20.893004000000015,"[-1.1115339999999996, 37.897141999999995]",100000
620,2023-03-09,20.893004000000015,"[-1.1115339999999996, 37.897141999999995]",100000
621,2023-03-10,20.893004000000015,"[-1.1115339999999996, 37.897141999999995]",100000
622,2023-03-13,20.893004000000015,"[-1.1115339999999996, 37.897141999999995]",100000
623,2023-03-14,20.893004000000015,"[-1.1115339999999996, 37.897141999999995]",100000
624,2023-03-15,0.0,"[0, 0]",0
625,2023-03-16,0.0,"[0, 0]",0
626,2023-03-17,0.0,"[0, 0]",0
627,2023-03-20,0.0,"[0, 0]",0
628,2023-03-21,0.0,"[0, 0]",0
629,2023-03-22,0.0,"[0, 0]",0
630,2023-03-23,0.0,"[0, 0]",0
631,2023-03-24,0.0,"[0, 0]",0
632,2023-03-27,0.0,"[0, 0]",0
633,2023-03-28,0.0,"[0, 0]",0
634,2023-03-29,0.0,"[0, 0]",0
635,2023-03-31,0.0,"[0, 0]",0
636,2023-04-03,0.0,"[0, 0]",0
637,2023-04-05,0.0,"[0, 0]",0
638,2023-04-06,0.0,"[0, 0]",0
639,2023-04-10,0.0,"[0, 0]",0
640,2023-04-11,0.0,"[0, 0]",0
641,2023-04-12,0.0,"[0, 0]",0
642,2023-04-13,0.0,"[0, 0]",0
643,2023-04-17,0.0,"[0, 0]",0
644,2023-04-18,0.0,"[0, 0]",0
645,2023-04-19,0.0,"[0, 0]",0
646,2023-04-20,0.0,"[0, 0]",0
647,2023-04-21,0.0,"[0, 0]",0
648,2023-04-24,0.0,"[0, 0]",0
649,2023-04-25,0.0,"[0, 0]",0
650,2023-04-26,0.0,"[0, 0]",0
651,2023-04-27,0.0,"[0, 0]",0
652,2023-04-28,0.0,"[0, 0]",0
653,2023-05-02,0.0,"[0, 0]",0
654,2023-05-03,0.0,"[0, 0]",0
655,2023-05-04,0.0,"[0, 0]",0
656,2023-05-05,0.0,"[0, 0]",0
657,2023-05-08,0.0,"[0, 0]",0
658,2023-05-09,0.0,"[0, 0]",0
659,2023-05-10,0.0,"[0, 0]",0
660,2023-05-11,0.0,"[0, 0]",0
661,2023-05-12,0.0,"[0, 0]",0
662,2023-05-15,0.0,"[0, 0]",0
663,2023-05-16,0.0,"[0, 0]",0
664,2023-05-17,0.0,"[0, 0]",0
665,2023-05-18,0.0,"[0, 0]",0
666,2023-05-19,0.0,"[0, 0]",0
667,2023-05-22,0.0,"[0, 0]",0
668,2023-05-23,0.0,"[0, 0]",0
669,2023-05-24,0.0,"[0, 0]",0
670,2023-05-25,0.0,"[0, 0]",0
671,2023-05-26,0.0,"[0, 0]",0
672,2023-05-29,0.0,"[0, 0]",0
673,2023-05-30,0.0,"[0, 0]",0
674,2023-05-31,0.0,"[0, 0]",0
675,2023-06-01,0.0,"[0, 0]",0
676,2023-06-02,0.0,"[0, 0]",0
677,2023-06-05,0.0,"[0, 0]",0
678,2023-06-06,0.0,"[0, 0]",0
679,2023-06-07,0.0,"[0, 0]",0
680,2023-06-08,0.0,"[0, 0]",0
681,2023-06-09,0.0,"[0, 0]",0
682,2023-06-12,0.0,"[0, 0]",0
683,2023-06-13,0.0,"[0, 0]",0
684,2023-06-14,0.0,"[0, 0]",0
685,2023-06-15,0.0,"[0, 0]",0
686,2023-06-16,0.0,"[0, 0]",0
687,2023-06-19,0.0,"[0, 0]",0
688,2023-06-20,0.0,"[0, 0]",0
689,2023-06-21,0.0,"[0, 0]",0
690,2023-06-22,0.0,"[0, 0]",0
691,2023-06-23,0.0,"[0, 0]",0
692,2023-06-26,0.0,"[0, 0]",0
693,2023-06-27,0.0,"[0, 0]",0
694,2023-06-28,0.0,"[0, 0]",0
695,2023-06-30,0.0,"[0, 0]",0
696,2023-07-03,0.0,"[0, 0]",0
697,2023-07-04,0.0,"[0, 0]",0
698,2023-07-05,0.0,"[0, 0]",0
699,2023-07-06,0.0,"[0, 0]",0
700,2023-07-07,0.0,"[0, 0]",0
701,2023-07-10,0.0,"[0, 0]",0
702,2023-07-11,0.0,"[0, 0]",0
703,2023-07-12,0.0,"[0, 0]",0
704,2023-07-13,0.0,"[0, 0]",0
705,2023-07-14,0.0,"[0, 0]",0
706,2023-07-17,0.0,"[0, 0]",0
707,2023-07-18,0.0,"[0, 0]",0
708,2023-07-19,0.0,"[0, 0]",0
709,2023-07-20,0.0,"[0, 0]",0
710,2023-07-21,0.0,"[0, 0]",0
711,2023-07-24,0.0,"[0, 0]",0
712,2023-07-25,0.0,"[0, 0]",0
713,2023-07-26,0.0,"[0, 0]",0
714,2023-07-27,0.0,"[0, 0]",0
715,2023-07-28,0.0,"[0, 0]",0
716,2023-07-31,0.0,"[0, 0]",0
717,2023-08-01,0.0,"[0, 0]",0
718,2023-08-02,0.0,"[0, 0]",0
719,2023-08-03,0.0,"[0, 0]",0
720,2023-08-04,0.0,"[0, 0]",0
721,2023-08-07,0.0,"[0, 0]",0
722,2023-08-08,0.0,"[0, 0]",0
723,2023-08-09,0.0,"[0, 0]",0
724,2023-08-10,0.0,"[0, 0]",0
725,2023-08-11,0.0,"[0, 0]",0
726,2023-08-14,0.0,"[0, 0]",0
727,2023-08-16,0.0,"[0, 0]",0
728,2023-08-17,0.0,"[0, 0]",0
729,2023-08-18,0.0,"[0, 0]",0
730,2023-08-21,0.0,"[0, 0]",0
731,2023-08-22,0.0,"[0, 0]",0
732,2023-08-23,0.0,"[0, 0]",0
733,2023-08-24,0.0,"[0, 0]",0
734,2023-08-25,0.0,"[0, 0]",0
735,2023-08-28,0.0,"[0, 0]",0
736,2023-08-29,0.0,"[0, 0]",0
737,2023-08-30,0.0,"[0, 0]",0
738,2023-08-31,0.0,"[0, 0]",0
